Date,Action
Fri Apr 9 23:20:41 UTC 2021,hourly
Sat Apr 10 00:56:57 UTC 2021,daily00
Sat Apr 10 00:58:29 UTC 2021,hourly
Sat Apr 10 02:09:14 UTC 2021,hourly
Sat Apr 10 03:25:29 UTC 2021,hourly
Sat Apr 10 04:26:26 UTC 2021,hourly
Sat Apr 10 05:22:57 UTC 2021,hourly
Sat Apr 10 06:23:26 UTC 2021,hourly
Sat Apr 10 06:26:36 UTC 2021,daily06
Sat Apr 10 07:20:52 UTC 2021,hourly
Sat Apr 10 08:21:50 UTC 2021,hourly
Sat Apr 10 09:19:28 UTC 2021,hourly
Sat Apr 10 10:20:07 UTC 2021,hourly
Sat Apr 10 11:16:09 UTC 2021,hourly
Sat Apr 10 12:20:14 UTC 2021,daily12
Sat Apr 10 12:27:17 UTC 2021,hourly
Sat Apr 10 13:25:50 UTC 2021,hourly
Sat Apr 10 14:18:16 UTC 2021,hourly
Sat Apr 10 15:19:49 UTC 2021,hourly
Sat Apr 10 16:34:08 UTC 2021,hourly
Sat Apr 10 17:39:27 UTC 2021,hourly
Sat Apr 10 18:18:00 UTC 2021,daily18
Sat Apr 10 18:28:49 UTC 2021,hourly
Sat Apr 10 19:19:16 UTC 2021,hourly
Sat Apr 10 20:19:20 UTC 2021,hourly
Sat Apr 10 21:17:30 UTC 2021,hourly
Sat Apr 10 22:21:42 UTC 2021,hourly
Sat Apr 10 23:20:03 UTC 2021,hourly
Sun Apr 11 00:59:24 UTC 2021,daily00
Sun Apr 11 01:01:10 UTC 2021,hourly
Sun Apr 11 02:39:49 UTC 2021,hourly
Sun Apr 11 03:25:50 UTC 2021,hourly
Sun Apr 11 04:25:35 UTC 2021,hourly
Sun Apr 11 05:23:09 UTC 2021,hourly
Sun Apr 11 06:22:57 UTC 2021,hourly
Sun Apr 11 06:26:16 UTC 2021,daily06
Sun Apr 11 07:20:54 UTC 2021,hourly
Sun Apr 11 08:22:11 UTC 2021,hourly
Sun Apr 11 09:19:29 UTC 2021,hourly
Sun Apr 11 10:20:05 UTC 2021,hourly
Sun Apr 11 11:16:04 UTC 2021,hourly
Sun Apr 11 12:20:14 UTC 2021,daily12
Sun Apr 11 12:27:34 UTC 2021,hourly
Sun Apr 11 13:24:31 UTC 2021,hourly
Sun Apr 11 14:18:20 UTC 2021,hourly
Sun Apr 11 15:20:02 UTC 2021,hourly
Sun Apr 11 16:34:13 UTC 2021,hourly
Sun Apr 11 17:38:54 UTC 2021,hourly
Sun Apr 11 18:18:02 UTC 2021,daily18
Sun Apr 11 18:28:53 UTC 2021,hourly
Sun Apr 11 19:19:41 UTC 2021,hourly
Sun Apr 11 20:19:25 UTC 2021,hourly
Sun Apr 11 21:17:32 UTC 2021,hourly
Sun Apr 11 22:21:53 UTC 2021,hourly
Sun Apr 11 23:20:27 UTC 2021,hourly
Mon Apr 12 00:58:15 UTC 2021,daily00
Mon Apr 12 00:59:50 UTC 2021,hourly
Mon Apr 12 02:14:20 UTC 2021,hourly
Mon Apr 12 03:26:48 UTC 2021,hourly
Mon Apr 12 04:26:35 UTC 2021,hourly
Mon Apr 12 05:24:56 UTC 2021,hourly
Mon Apr 12 06:24:15 UTC 2021,hourly
Mon Apr 12 06:27:50 UTC 2021,daily06
Mon Apr 12 07:23:04 UTC 2021,hourly
Mon Apr 12 08:23:34 UTC 2021,hourly
Mon Apr 12 09:21:08 UTC 2021,hourly
Mon Apr 12 10:20:59 UTC 2021,hourly
Mon Apr 12 11:16:45 UTC 2021,hourly
Mon Apr 12 12:21:21 UTC 2021,daily12
Mon Apr 12 12:29:01 UTC 2021,hourly
Mon Apr 12 13:27:08 UTC 2021,hourly
Mon Apr 12 14:19:54 UTC 2021,hourly
Mon Apr 12 15:18:04 UTC 2021,hourly
Mon Apr 12 16:34:56 UTC 2021,hourly
Mon Apr 12 17:40:39 UTC 2021,hourly
Mon Apr 12 18:20:21 UTC 2021,daily18
Mon Apr 12 18:32:04 UTC 2021,hourly
Mon Apr 12 19:23:23 UTC 2021,hourly
Mon Apr 12 20:20:08 UTC 2021,hourly
Mon Apr 12 21:18:11 UTC 2021,hourly
Mon Apr 12 22:22:40 UTC 2021,hourly
Mon Apr 12 23:21:21 UTC 2021,hourly
Tue Apr 13 00:59:17 UTC 2021,daily00
Tue Apr 13 01:00:56 UTC 2021,hourly
Tue Apr 13 02:40:07 UTC 2021,hourly
Tue Apr 13 03:27:18 UTC 2021,hourly
Tue Apr 13 04:25:52 UTC 2021,hourly
Tue Apr 13 05:20:41 UTC 2021,hourly
Tue Apr 13 06:24:22 UTC 2021,hourly
Tue Apr 13 06:27:33 UTC 2021,daily06
Tue Apr 13 07:22:40 UTC 2021,hourly
Tue Apr 13 08:23:32 UTC 2021,hourly
Tue Apr 13 09:21:00 UTC 2021,hourly
Tue Apr 13 10:21:16 UTC 2021,hourly
Tue Apr 13 11:16:32 UTC 2021,hourly
Tue Apr 13 12:21:12 UTC 2021,daily12
Tue Apr 13 12:28:49 UTC 2021,hourly
Tue Apr 13 13:26:28 UTC 2021,hourly
Tue Apr 13 14:19:47 UTC 2021,hourly
Tue Apr 13 15:20:39 UTC 2021,hourly
Tue Apr 13 16:36:45 UTC 2021,hourly
Tue Apr 13 17:43:44 UTC 2021,hourly
Tue Apr 13 18:20:22 UTC 2021,daily18
Tue Apr 13 18:29:43 UTC 2021,hourly
Tue Apr 13 19:20:51 UTC 2021,hourly
Tue Apr 13 20:19:40 UTC 2021,hourly
Tue Apr 13 21:17:14 UTC 2021,hourly
Tue Apr 13 22:21:45 UTC 2021,hourly
Tue Apr 13 23:18:44 UTC 2021,hourly
Wed Apr 14 00:54:10 UTC 2021,daily00
Wed Apr 14 00:55:36 UTC 2021,hourly
Wed Apr 14 02:05:40 UTC 2021,hourly
Wed Apr 14 03:24:17 UTC 2021,hourly
Wed Apr 14 04:23:19 UTC 2021,hourly
Wed Apr 14 05:21:17 UTC 2021,hourly
Wed Apr 14 06:23:13 UTC 2021,hourly
Wed Apr 14 06:26:28 UTC 2021,daily06
Wed Apr 14 07:20:16 UTC 2021,hourly
Wed Apr 14 08:22:05 UTC 2021,hourly
Wed Apr 14 09:19:48 UTC 2021,hourly
Wed Apr 14 10:19:55 UTC 2021,hourly
Wed Apr 14 11:17:30 UTC 2021,hourly
Wed Apr 14 12:20:25 UTC 2021,daily12
Wed Apr 14 12:27:42 UTC 2021,hourly
Wed Apr 14 13:24:51 UTC 2021,hourly
Wed Apr 14 14:18:51 UTC 2021,hourly
Wed Apr 14 15:20:08 UTC 2021,hourly
Wed Apr 14 16:33:00 UTC 2021,hourly
Wed Apr 14 17:37:05 UTC 2021,hourly
Wed Apr 14 18:16:49 UTC 2021,daily18
Wed Apr 14 18:28:16 UTC 2021,hourly
Wed Apr 14 19:18:34 UTC 2021,hourly
Wed Apr 14 20:19:46 UTC 2021,hourly
Wed Apr 14 21:17:25 UTC 2021,hourly
Wed Apr 14 22:21:41 UTC 2021,hourly
Wed Apr 14 23:19:06 UTC 2021,hourly
Thu Apr 15 00:56:04 UTC 2021,daily00
Thu Apr 15 00:57:40 UTC 2021,hourly
Thu Apr 15 02:08:47 UTC 2021,hourly
Thu Apr 15 03:23:31 UTC 2021,hourly
Thu Apr 15 04:23:36 UTC 2021,hourly
Thu Apr 15 05:22:19 UTC 2021,hourly
Thu Apr 15 06:23:50 UTC 2021,hourly
Thu Apr 15 06:27:10 UTC 2021,daily06
Thu Apr 15 07:20:59 UTC 2021,hourly
Thu Apr 15 08:22:33 UTC 2021,hourly
Thu Apr 15 09:19:56 UTC 2021,hourly
Thu Apr 15 10:20:02 UTC 2021,hourly
Thu Apr 15 11:16:25 UTC 2021,hourly
Thu Apr 15 12:20:39 UTC 2021,daily12
Thu Apr 15 12:28:02 UTC 2021,hourly
Thu Apr 15 13:25:42 UTC 2021,hourly
Thu Apr 15 14:19:05 UTC 2021,hourly
Thu Apr 15 15:20:11 UTC 2021,hourly
Thu Apr 15 16:35:52 UTC 2021,hourly
Thu Apr 15 17:40:30 UTC 2021,hourly
Thu Apr 15 18:19:49 UTC 2021,daily18
Thu Apr 15 18:31:23 UTC 2021,hourly
Thu Apr 15 19:21:34 UTC 2021,hourly
Thu Apr 15 20:19:49 UTC 2021,hourly
Thu Apr 15 21:18:10 UTC 2021,hourly
Thu Apr 15 22:22:27 UTC 2021,hourly
Thu Apr 15 23:19:14 UTC 2021,hourly
Fri Apr 16 00:55:31 UTC 2021,daily00
Fri Apr 16 00:57:18 UTC 2021,hourly
Fri Apr 16 02:11:27 UTC 2021,hourly
Fri Apr 16 03:26:29 UTC 2021,hourly
Fri Apr 16 04:25:41 UTC 2021,hourly
Fri Apr 16 05:23:28 UTC 2021,hourly
Fri Apr 16 06:21:35 UTC 2021,hourly
Fri Apr 16 06:24:30 UTC 2021,daily06
Fri Apr 16 07:19:58 UTC 2021,hourly
Fri Apr 16 08:24:24 UTC 2021,hourly
Fri Apr 16 09:20:27 UTC 2021,hourly
Fri Apr 16 10:20:16 UTC 2021,hourly
Fri Apr 16 11:16:35 UTC 2021,hourly
Fri Apr 16 12:20:48 UTC 2021,daily12
Fri Apr 16 12:28:26 UTC 2021,hourly
Fri Apr 16 13:26:09 UTC 2021,hourly
Fri Apr 16 14:19:17 UTC 2021,hourly
Fri Apr 16 15:20:20 UTC 2021,hourly
Fri Apr 16 16:34:41 UTC 2021,hourly
Fri Apr 16 17:39:45 UTC 2021,hourly
Fri Apr 16 18:19:34 UTC 2021,daily18
Fri Apr 16 18:30:19 UTC 2021,hourly
Fri Apr 16 19:21:21 UTC 2021,hourly
Fri Apr 16 20:19:44 UTC 2021,hourly
Fri Apr 16 21:17:36 UTC 2021,hourly
Fri Apr 16 22:22:41 UTC 2021,hourly
Fri Apr 16 23:19:11 UTC 2021,hourly
Sat Apr 17 00:54:37 UTC 2021,daily00
Sat Apr 17 00:56:18 UTC 2021,hourly
Sat Apr 17 02:06:36 UTC 2021,hourly
Sat Apr 17 03:24:03 UTC 2021,hourly
Sat Apr 17 04:23:38 UTC 2021,hourly
Sat Apr 17 05:21:15 UTC 2021,hourly
Sat Apr 17 06:23:19 UTC 2021,hourly
Sat Apr 17 06:26:33 UTC 2021,daily06
Sat Apr 17 07:20:30 UTC 2021,hourly
Sat Apr 17 08:21:49 UTC 2021,hourly
Sat Apr 17 09:19:33 UTC 2021,hourly
Sat Apr 17 10:20:21 UTC 2021,hourly
Sat Apr 17 11:16:02 UTC 2021,hourly
Sat Apr 17 12:20:21 UTC 2021,daily12
Sat Apr 17 12:27:19 UTC 2021,hourly
Sat Apr 17 13:24:24 UTC 2021,hourly
Sat Apr 17 14:17:56 UTC 2021,hourly
Sat Apr 17 15:19:27 UTC 2021,hourly
Sat Apr 17 16:33:47 UTC 2021,hourly
Sat Apr 17 17:36:49 UTC 2021,hourly
Sat Apr 17 18:16:08 UTC 2021,daily18
Sat Apr 17 18:27:40 UTC 2021,hourly
Sat Apr 17 19:18:29 UTC 2021,hourly
Sat Apr 17 20:19:13 UTC 2021,hourly
Sat Apr 17 21:17:27 UTC 2021,hourly
Sat Apr 17 22:22:02 UTC 2021,hourly
Sat Apr 17 23:18:43 UTC 2021,hourly
Sun Apr 18 00:57:34 UTC 2021,daily00
Sun Apr 18 00:59:18 UTC 2021,hourly
Sun Apr 18 02:12:44 UTC 2021,hourly
Sun Apr 18 03:25:04 UTC 2021,hourly
Sun Apr 18 04:24:19 UTC 2021,hourly
Sun Apr 18 05:21:23 UTC 2021,hourly
Sun Apr 18 06:23:00 UTC 2021,hourly
Sun Apr 18 06:26:12 UTC 2021,daily06
Sun Apr 18 07:20:51 UTC 2021,hourly
Sun Apr 18 08:21:56 UTC 2021,hourly
Sun Apr 18 09:19:39 UTC 2021,hourly
Sun Apr 18 10:19:54 UTC 2021,hourly
Sun Apr 18 11:16:18 UTC 2021,hourly
Sun Apr 18 12:20:07 UTC 2021,daily12
Sun Apr 18 12:27:29 UTC 2021,hourly
Sun Apr 18 13:24:41 UTC 2021,hourly
Sun Apr 18 14:17:54 UTC 2021,hourly
Sun Apr 18 15:19:50 UTC 2021,hourly
Sun Apr 18 16:33:00 UTC 2021,hourly
Sun Apr 18 17:36:33 UTC 2021,hourly
Sun Apr 18 18:16:12 UTC 2021,daily18
Sun Apr 18 18:27:32 UTC 2021,hourly
Sun Apr 18 19:18:02 UTC 2021,hourly
Sun Apr 18 20:18:57 UTC 2021,hourly
Sun Apr 18 21:17:12 UTC 2021,hourly
Sun Apr 18 22:22:18 UTC 2021,hourly
Sun Apr 18 23:18:58 UTC 2021,hourly
Mon Apr 19 00:56:24 UTC 2021,daily00
Mon Apr 19 00:57:43 UTC 2021,hourly
Mon Apr 19 02:11:34 UTC 2021,hourly
Mon Apr 19 03:25:59 UTC 2021,hourly
Mon Apr 19 04:25:19 UTC 2021,hourly
Mon Apr 19 05:23:01 UTC 2021,hourly
Mon Apr 19 06:24:09 UTC 2021,hourly
Mon Apr 19 06:27:18 UTC 2021,daily06
Mon Apr 19 07:21:24 UTC 2021,hourly
Mon Apr 19 08:22:38 UTC 2021,hourly
Mon Apr 19 09:20:06 UTC 2021,hourly
Mon Apr 19 10:20:19 UTC 2021,hourly
Mon Apr 19 11:16:14 UTC 2021,hourly
Mon Apr 19 12:21:15 UTC 2021,daily12
Mon Apr 19 12:28:51 UTC 2021,hourly
Mon Apr 19 13:26:03 UTC 2021,hourly
Mon Apr 19 14:19:11 UTC 2021,hourly
Mon Apr 19 15:20:35 UTC 2021,hourly
Mon Apr 19 16:34:44 UTC 2021,hourly
Mon Apr 19 17:37:59 UTC 2021,hourly
Mon Apr 19 18:17:35 UTC 2021,daily18
Mon Apr 19 18:29:14 UTC 2021,hourly
Mon Apr 19 19:19:56 UTC 2021,hourly
Mon Apr 19 20:19:44 UTC 2021,hourly
Mon Apr 19 21:17:47 UTC 2021,hourly
Mon Apr 19 22:23:21 UTC 2021,hourly
Mon Apr 19 23:19:28 UTC 2021,hourly
Tue Apr 20 00:56:41 UTC 2021,daily00
Tue Apr 20 00:58:18 UTC 2021,hourly
Tue Apr 20 02:09:55 UTC 2021,hourly
Tue Apr 20 03:25:02 UTC 2021,hourly
Tue Apr 20 04:24:36 UTC 2021,hourly
Tue Apr 20 05:19:16 UTC 2021,hourly
Tue Apr 20 06:25:15 UTC 2021,hourly
Tue Apr 20 06:28:39 UTC 2021,daily06
Tue Apr 20 07:19:22 UTC 2021,hourly
Tue Apr 20 08:22:48 UTC 2021,hourly
Tue Apr 20 09:19:58 UTC 2021,hourly
Tue Apr 20 10:20:19 UTC 2021,hourly
Tue Apr 20 11:16:14 UTC 2021,hourly
Tue Apr 20 12:21:06 UTC 2021,daily12
Tue Apr 20 12:28:36 UTC 2021,hourly
Tue Apr 20 13:26:23 UTC 2021,hourly
Tue Apr 20 14:19:16 UTC 2021,hourly
Tue Apr 20 15:20:37 UTC 2021,hourly
Tue Apr 20 16:35:04 UTC 2021,hourly
Tue Apr 20 17:39:57 UTC 2021,hourly
Tue Apr 20 18:18:52 UTC 2021,daily18
Tue Apr 20 18:30:03 UTC 2021,hourly
Tue Apr 20 19:21:03 UTC 2021,hourly
Tue Apr 20 20:21:14 UTC 2021,hourly
Tue Apr 20 21:17:45 UTC 2021,hourly
Tue Apr 20 22:23:38 UTC 2021,hourly
Tue Apr 20 23:20:03 UTC 2021,hourly
Wed Apr 21 00:56:04 UTC 2021,daily00
Wed Apr 21 00:57:29 UTC 2021,hourly
Wed Apr 21 02:10:41 UTC 2021,hourly
Wed Apr 21 03:25:27 UTC 2021,hourly
Wed Apr 21 04:25:16 UTC 2021,hourly
Wed Apr 21 05:23:12 UTC 2021,hourly
Wed Apr 21 06:28:03 UTC 2021,daily06
Wed Apr 21 07:22:08 UTC 2021,hourly
Wed Apr 21 08:22:55 UTC 2021,hourly
Wed Apr 21 09:20:23 UTC 2021,hourly
Wed Apr 21 10:20:23 UTC 2021,hourly
Wed Apr 21 11:16:28 UTC 2021,hourly
Wed Apr 21 12:21:14 UTC 2021,daily12
Wed Apr 21 12:28:45 UTC 2021,hourly
Wed Apr 21 13:26:45 UTC 2021,hourly
Wed Apr 21 14:19:30 UTC 2021,hourly
Wed Apr 21 15:21:10 UTC 2021,hourly
Wed Apr 21 16:35:54 UTC 2021,hourly
Wed Apr 21 17:40:19 UTC 2021,hourly
Wed Apr 21 18:19:37 UTC 2021,daily18
Wed Apr 21 18:31:10 UTC 2021,hourly
Wed Apr 21 19:21:22 UTC 2021,hourly
Wed Apr 21 20:20:21 UTC 2021,hourly
Wed Apr 21 21:17:48 UTC 2021,hourly
Wed Apr 21 22:23:53 UTC 2021,hourly
Wed Apr 21 23:20:47 UTC 2021,hourly
Thu Apr 22 00:57:12 UTC 2021,daily00
Thu Apr 22 00:58:34 UTC 2021,hourly
Thu Apr 22 02:11:47 UTC 2021,hourly
Thu Apr 22 03:25:51 UTC 2021,hourly
Thu Apr 22 04:25:23 UTC 2021,hourly
Thu Apr 22 05:23:30 UTC 2021,hourly
Thu Apr 22 06:24:55 UTC 2021,hourly
Thu Apr 22 06:28:09 UTC 2021,daily06
Thu Apr 22 07:22:54 UTC 2021,hourly
Thu Apr 22 08:23:05 UTC 2021,hourly
Thu Apr 22 09:20:44 UTC 2021,hourly
Thu Apr 22 10:21:01 UTC 2021,hourly
Thu Apr 22 11:16:40 UTC 2021,hourly
Thu Apr 22 12:21:57 UTC 2021,daily12
Thu Apr 22 12:29:30 UTC 2021,hourly
Thu Apr 22 13:27:06 UTC 2021,hourly
Thu Apr 22 14:19:34 UTC 2021,hourly
Thu Apr 22 15:20:56 UTC 2021,hourly
Thu Apr 22 16:35:34 UTC 2021,hourly
Thu Apr 22 17:44:19 UTC 2021,hourly
Thu Apr 22 18:21:56 UTC 2021,daily18
Thu Apr 22 18:33:40 UTC 2021,hourly
Thu Apr 22 19:22:21 UTC 2021,hourly
Thu Apr 22 20:20:40 UTC 2021,hourly
Thu Apr 22 21:18:10 UTC 2021,hourly
Thu Apr 22 22:24:09 UTC 2021,hourly
Thu Apr 22 23:20:07 UTC 2021,hourly
Fri Apr 23 00:56:53 UTC 2021,daily00
Fri Apr 23 00:58:25 UTC 2021,hourly
Fri Apr 23 02:17:14 UTC 2021,hourly
Fri Apr 23 03:24:42 UTC 2021,hourly
Fri Apr 23 04:25:57 UTC 2021,hourly
Fri Apr 23 06:24:36 UTC 2021,hourly
Fri Apr 23 06:27:57 UTC 2021,daily06
Fri Apr 23 07:22:49 UTC 2021,hourly
Fri Apr 23 08:25:05 UTC 2021,hourly
Fri Apr 23 09:21:39 UTC 2021,hourly
Fri Apr 23 10:21:20 UTC 2021,hourly
Fri Apr 23 11:16:59 UTC 2021,hourly
Fri Apr 23 12:21:33 UTC 2021,daily12
Fri Apr 23 12:29:07 UTC 2021,hourly
Fri Apr 23 13:26:34 UTC 2021,hourly
Fri Apr 23 14:20:28 UTC 2021,hourly
Fri Apr 23 15:21:36 UTC 2021,hourly
Fri Apr 23 16:36:16 UTC 2021,hourly
Fri Apr 23 17:46:32 UTC 2021,hourly
Fri Apr 23 18:21:12 UTC 2021,daily18
Fri Apr 23 18:33:05 UTC 2021,hourly
Fri Apr 23 19:22:57 UTC 2021,hourly
Fri Apr 23 20:20:49 UTC 2021,hourly
Fri Apr 23 21:18:06 UTC 2021,hourly
Fri Apr 23 22:24:21 UTC 2021,hourly
Fri Apr 23 23:21:03 UTC 2021,hourly
Sat Apr 24 00:57:28 UTC 2021,daily00
Sat Apr 24 00:58:58 UTC 2021,hourly
Sat Apr 24 02:13:38 UTC 2021,hourly
Sat Apr 24 03:25:30 UTC 2021,hourly
Sat Apr 24 04:25:30 UTC 2021,hourly
Sat Apr 24 05:23:32 UTC 2021,hourly
Sat Apr 24 06:24:35 UTC 2021,hourly
Sat Apr 24 06:27:48 UTC 2021,daily06
Sat Apr 24 07:22:53 UTC 2021,hourly
Sat Apr 24 08:22:12 UTC 2021,hourly
Sat Apr 24 09:20:21 UTC 2021,hourly
Sat Apr 24 10:20:49 UTC 2021,hourly
Sat Apr 24 11:16:38 UTC 2021,hourly
Sat Apr 24 12:20:57 UTC 2021,daily12
Sat Apr 24 12:28:25 UTC 2021,hourly
Sat Apr 24 13:26:10 UTC 2021,hourly
Sat Apr 24 14:19:10 UTC 2021,hourly
Sat Apr 24 15:20:43 UTC 2021,hourly
Sat Apr 24 16:36:08 UTC 2021,hourly
Sat Apr 24 17:44:04 UTC 2021,hourly
Sat Apr 24 18:20:03 UTC 2021,daily18
Sat Apr 24 18:31:17 UTC 2021,hourly
Sat Apr 24 19:19:59 UTC 2021,hourly
Sat Apr 24 20:20:37 UTC 2021,hourly
Sat Apr 24 21:17:40 UTC 2021,hourly
Sat Apr 24 22:24:00 UTC 2021,hourly
Sat Apr 24 23:19:53 UTC 2021,hourly
Sun Apr 25 01:00:16 UTC 2021,daily00
Sun Apr 25 01:02:35 UTC 2021,hourly
Sun Apr 25 02:43:44 UTC 2021,hourly
Sun Apr 25 03:27:41 UTC 2021,hourly
Sun Apr 25 04:26:22 UTC 2021,hourly
Sun Apr 25 05:24:02 UTC 2021,hourly
Sun Apr 25 06:24:39 UTC 2021,hourly
Sun Apr 25 06:28:16 UTC 2021,daily06
Sun Apr 25 07:22:10 UTC 2021,hourly
Sun Apr 25 08:22:33 UTC 2021,hourly
Sun Apr 25 09:20:28 UTC 2021,hourly
Sun Apr 25 10:20:34 UTC 2021,hourly
Sun Apr 25 11:16:38 UTC 2021,hourly
Sun Apr 25 12:21:19 UTC 2021,daily12
Sun Apr 25 12:28:51 UTC 2021,hourly
Sun Apr 25 13:25:38 UTC 2021,hourly
Sun Apr 25 14:19:01 UTC 2021,hourly
Sun Apr 25 15:20:46 UTC 2021,hourly
Sun Apr 25 16:35:51 UTC 2021,hourly
Sun Apr 25 17:45:10 UTC 2021,hourly
Sun Apr 25 18:21:04 UTC 2021,daily18
Sun Apr 25 18:32:27 UTC 2021,hourly
Sun Apr 25 19:21:01 UTC 2021,hourly
Sun Apr 25 20:20:25 UTC 2021,hourly
Sun Apr 25 21:17:57 UTC 2021,hourly
Sun Apr 25 22:23:49 UTC 2021,hourly
Sun Apr 25 23:20:09 UTC 2021,hourly
Mon Apr 26 00:59:09 UTC 2021,daily00
Mon Apr 26 01:00:53 UTC 2021,hourly
Mon Apr 26 02:43:30 UTC 2021,hourly
Mon Apr 26 03:27:47 UTC 2021,hourly
Mon Apr 26 04:27:03 UTC 2021,hourly
Mon Apr 26 05:24:52 UTC 2021,hourly
Mon Apr 26 06:25:50 UTC 2021,hourly
Mon Apr 26 06:29:08 UTC 2021,daily06
Mon Apr 26 07:23:57 UTC 2021,hourly
Mon Apr 26 08:23:54 UTC 2021,hourly
Mon Apr 26 09:21:26 UTC 2021,hourly
Mon Apr 26 10:21:37 UTC 2021,hourly
Mon Apr 26 11:17:02 UTC 2021,hourly
Mon Apr 26 12:22:00 UTC 2021,daily12
Mon Apr 26 12:29:57 UTC 2021,hourly
Mon Apr 26 13:27:54 UTC 2021,hourly
Mon Apr 26 14:20:23 UTC 2021,hourly
Mon Apr 26 15:21:44 UTC 2021,hourly
Mon Apr 26 16:36:52 UTC 2021,hourly
Mon Apr 26 17:45:09 UTC 2021,hourly
Mon Apr 26 18:21:03 UTC 2021,daily18
Mon Apr 26 18:32:35 UTC 2021,hourly
Mon Apr 26 19:21:02 UTC 2021,hourly
Mon Apr 26 20:20:21 UTC 2021,hourly
Mon Apr 26 21:18:15 UTC 2021,hourly
Mon Apr 26 22:24:30 UTC 2021,hourly
Mon Apr 26 23:19:59 UTC 2021,hourly
Tue Apr 27 00:56:28 UTC 2021,daily00
Tue Apr 27 00:57:56 UTC 2021,hourly
Tue Apr 27 02:11:44 UTC 2021,hourly
Tue Apr 27 03:24:49 UTC 2021,hourly
Tue Apr 27 04:24:25 UTC 2021,hourly
Tue Apr 27 05:22:56 UTC 2021,hourly
Tue Apr 27 06:24:32 UTC 2021,hourly
Tue Apr 27 06:27:54 UTC 2021,daily06
Tue Apr 27 07:22:14 UTC 2021,hourly
Tue Apr 27 08:23:21 UTC 2021,hourly
Tue Apr 27 09:20:33 UTC 2021,hourly
Tue Apr 27 10:21:05 UTC 2021,hourly
Tue Apr 27 11:16:57 UTC 2021,hourly
Tue Apr 27 12:21:46 UTC 2021,daily12
Tue Apr 27 12:29:30 UTC 2021,hourly
Tue Apr 27 13:26:52 UTC 2021,hourly
Tue Apr 27 14:19:57 UTC 2021,hourly
Tue Apr 27 15:21:26 UTC 2021,hourly
Tue Apr 27 16:36:03 UTC 2021,hourly
Tue Apr 27 17:45:30 UTC 2021,hourly
Tue Apr 27 18:21:17 UTC 2021,daily18
Tue Apr 27 18:33:11 UTC 2021,hourly
Tue Apr 27 19:21:26 UTC 2021,hourly
Tue Apr 27 20:21:23 UTC 2021,hourly
Tue Apr 27 21:18:26 UTC 2021,hourly
Tue Apr 27 22:24:37 UTC 2021,hourly
Tue Apr 27 23:20:33 UTC 2021,hourly
Wed Apr 28 00:56:57 UTC 2021,daily00
Wed Apr 28 00:58:30 UTC 2021,hourly
Wed Apr 28 02:13:39 UTC 2021,hourly
Wed Apr 28 03:25:58 UTC 2021,hourly
Wed Apr 28 04:25:53 UTC 2021,hourly
Wed Apr 28 05:23:30 UTC 2021,hourly
Wed Apr 28 06:25:19 UTC 2021,hourly
Wed Apr 28 06:28:33 UTC 2021,daily06
Wed Apr 28 07:22:48 UTC 2021,hourly
Wed Apr 28 08:22:52 UTC 2021,hourly
Wed Apr 28 09:20:57 UTC 2021,hourly
Wed Apr 28 10:21:17 UTC 2021,hourly
Wed Apr 28 11:17:01 UTC 2021,hourly
Wed Apr 28 12:22:12 UTC 2021,daily12
Wed Apr 28 12:29:44 UTC 2021,hourly
Wed Apr 28 13:26:45 UTC 2021,hourly
Wed Apr 28 14:19:43 UTC 2021,hourly
Wed Apr 28 15:21:52 UTC 2021,hourly
Wed Apr 28 16:37:49 UTC 2021,hourly
Wed Apr 28 17:47:59 UTC 2021,hourly
Wed Apr 28 18:21:15 UTC 2021,daily18
Wed Apr 28 18:33:17 UTC 2021,hourly
Wed Apr 28 19:21:32 UTC 2021,hourly
Wed Apr 28 20:20:45 UTC 2021,hourly
Wed Apr 28 21:18:35 UTC 2021,hourly
Wed Apr 28 22:19:41 UTC 2021,hourly
Wed Apr 28 23:20:30 UTC 2021,hourly
Thu Apr 29 00:55:24 UTC 2021,daily00
Thu Apr 29 00:56:58 UTC 2021,hourly
Thu Apr 29 02:11:21 UTC 2021,hourly
Thu Apr 29 03:22:34 UTC 2021,hourly
Thu Apr 29 04:22:03 UTC 2021,hourly
Thu Apr 29 05:21:19 UTC 2021,hourly
Thu Apr 29 06:22:28 UTC 2021,hourly
Thu Apr 29 06:26:15 UTC 2021,daily06
Thu Apr 29 07:19:05 UTC 2021,hourly
Thu Apr 29 08:21:13 UTC 2021,hourly
Thu Apr 29 09:19:11 UTC 2021,hourly
Thu Apr 29 10:19:23 UTC 2021,hourly
Thu Apr 29 11:15:21 UTC 2021,hourly
Thu Apr 29 12:18:40 UTC 2021,daily12
Thu Apr 29 12:26:49 UTC 2021,hourly
Thu Apr 29 13:25:59 UTC 2021,hourly
Thu Apr 29 14:18:05 UTC 2021,hourly
Thu Apr 29 15:20:02 UTC 2021,hourly
Thu Apr 29 16:32:57 UTC 2021,hourly
Thu Apr 29 17:41:06 UTC 2021,hourly
Thu Apr 29 18:15:53 UTC 2021,daily18
Thu Apr 29 18:28:27 UTC 2021,hourly
Thu Apr 29 19:18:38 UTC 2021,hourly
Thu Apr 29 20:19:01 UTC 2021,hourly
Thu Apr 29 21:16:50 UTC 2021,hourly
Thu Apr 29 22:22:15 UTC 2021,hourly
Thu Apr 29 23:17:59 UTC 2021,hourly
Fri Apr 30 00:51:21 UTC 2021,daily00
Fri Apr 30 00:53:29 UTC 2021,hourly
Fri Apr 30 02:09:32 UTC 2021,hourly
Fri Apr 30 03:23:14 UTC 2021,hourly
Fri Apr 30 04:22:21 UTC 2021,hourly
Fri Apr 30 05:21:11 UTC 2021,hourly
Fri Apr 30 06:21:59 UTC 2021,hourly
Fri Apr 30 06:26:09 UTC 2021,daily06
Fri Apr 30 07:20:12 UTC 2021,hourly
Fri Apr 30 08:22:47 UTC 2021,hourly
Fri Apr 30 09:18:51 UTC 2021,hourly
Fri Apr 30 10:19:23 UTC 2021,hourly
Fri Apr 30 11:15:33 UTC 2021,hourly
Fri Apr 30 12:18:15 UTC 2021,daily12
Fri Apr 30 12:26:59 UTC 2021,hourly
Fri Apr 30 13:25:28 UTC 2021,hourly
Fri Apr 30 14:18:02 UTC 2021,hourly
Fri Apr 30 15:20:14 UTC 2021,hourly
Fri Apr 30 16:31:54 UTC 2021,hourly
Fri Apr 30 17:40:17 UTC 2021,hourly
Fri Apr 30 18:14:04 UTC 2021,daily18
Fri Apr 30 18:26:50 UTC 2021,hourly
Fri Apr 30 19:17:57 UTC 2021,hourly
Fri Apr 30 20:19:03 UTC 2021,hourly
Fri Apr 30 21:16:54 UTC 2021,hourly
Fri Apr 30 22:22:02 UTC 2021,hourly
Fri Apr 30 23:18:03 UTC 2021,hourly
Sat May 1 00:54:01 UTC 2021,daily00
Sat May 1 00:55:52 UTC 2021,hourly
Sat May 1 02:15:14 UTC 2021,hourly
Sat May 1 03:23:51 UTC 2021,hourly
Sat May 1 04:22:41 UTC 2021,hourly
Sat May 1 06:22:11 UTC 2021,hourly
Sat May 1 06:26:02 UTC 2021,daily06
Sat May 1 07:19:50 UTC 2021,hourly
Sat May 1 08:20:57 UTC 2021,hourly
Sat May 1 09:18:44 UTC 2021,hourly
Sat May 1 10:19:10 UTC 2021,hourly
Sat May 1 11:15:20 UTC 2021,hourly
Sat May 1 12:17:41 UTC 2021,daily12
Sat May 1 12:25:50 UTC 2021,hourly
Sat May 1 13:25:34 UTC 2021,hourly
Sat May 1 14:17:11 UTC 2021,hourly
Sat May 1 15:19:25 UTC 2021,hourly
Sat May 1 16:31:08 UTC 2021,hourly
Sat May 1 17:41:07 UTC 2021,hourly
Sat May 1 18:14:07 UTC 2021,daily18
Sat May 1 18:26:53 UTC 2021,hourly
Sat May 1 19:17:17 UTC 2021,hourly
Sat May 1 20:18:43 UTC 2021,hourly
Sat May 1 21:16:17 UTC 2021,hourly
Sat May 1 22:21:46 UTC 2021,hourly
Sat May 1 23:20:04 UTC 2021,hourly
Sun May 2 00:57:54 UTC 2021,daily00
Sun May 2 01:00:10 UTC 2021,hourly
Sun May 2 02:22:03 UTC 2021,hourly
Sun May 2 03:26:55 UTC 2021,hourly
Sun May 2 04:23:59 UTC 2021,hourly
Sun May 2 05:22:18 UTC 2021,hourly
Sun May 2 06:22:04 UTC 2021,hourly
Sun May 2 06:26:10 UTC 2021,daily06
Sun May 2 07:20:26 UTC 2021,hourly
Sun May 2 08:20:11 UTC 2021,hourly
Sun May 2 09:18:50 UTC 2021,hourly
Sun May 2 10:18:47 UTC 2021,hourly
Sun May 2 11:15:21 UTC 2021,hourly
Sun May 2 12:17:42 UTC 2021,daily12
Sun May 2 12:25:43 UTC 2021,hourly
Sun May 2 13:24:59 UTC 2021,hourly
Sun May 2 14:16:47 UTC 2021,hourly
Sun May 2 15:19:43 UTC 2021,hourly
Sun May 2 16:31:41 UTC 2021,hourly
Sun May 2 17:39:17 UTC 2021,hourly
Sun May 2 18:11:46 UTC 2021,daily18
Sun May 2 18:25:17 UTC 2021,hourly
Sun May 2 19:17:07 UTC 2021,hourly
Sun May 2 20:18:38 UTC 2021,hourly
Sun May 2 21:16:31 UTC 2021,hourly
Sun May 2 22:21:23 UTC 2021,hourly
Sun May 2 23:18:10 UTC 2021,hourly
Mon May 3 00:53:02 UTC 2021,daily00
Mon May 3 00:54:56 UTC 2021,hourly
Mon May 3 02:13:42 UTC 2021,hourly
Mon May 3 03:25:24 UTC 2021,hourly
Mon May 3 04:23:17 UTC 2021,hourly
Mon May 3 05:21:51 UTC 2021,hourly
Mon May 3 06:22:46 UTC 2021,hourly
Mon May 3 06:26:54 UTC 2021,daily06
Mon May 3 07:21:36 UTC 2021,hourly
Mon May 3 08:21:11 UTC 2021,hourly
Mon May 3 09:19:32 UTC 2021,hourly
Mon May 3 10:19:14 UTC 2021,hourly
Mon May 3 11:15:22 UTC 2021,hourly
Mon May 3 12:19:07 UTC 2021,daily12
Mon May 3 12:27:16 UTC 2021,hourly
Mon May 3 13:26:57 UTC 2021,hourly
Mon May 3 14:18:10 UTC 2021,hourly
Mon May 3 15:20:23 UTC 2021,hourly
Mon May 3 16:32:25 UTC 2021,hourly
Mon May 3 17:42:17 UTC 2021,hourly
Mon May 3 18:13:09 UTC 2021,daily18
Mon May 3 18:26:11 UTC 2021,hourly
Mon May 3 19:17:36 UTC 2021,hourly
Mon May 3 20:18:20 UTC 2021,hourly
Mon May 3 21:15:52 UTC 2021,hourly
Mon May 3 22:20:26 UTC 2021,hourly
Mon May 3 23:17:06 UTC 2021,hourly
Tue May 4 00:48:54 UTC 2021,daily00
Tue May 4 00:51:19 UTC 2021,hourly
Tue May 4 02:09:15 UTC 2021,hourly
Tue May 4 03:22:23 UTC 2021,hourly
Tue May 4 04:20:25 UTC 2021,hourly
Tue May 4 05:19:19 UTC 2021,hourly
Tue May 4 06:20:44 UTC 2021,hourly
Tue May 4 06:24:56 UTC 2021,daily06
Tue May 4 07:18:13 UTC 2021,hourly
Tue May 4 08:19:34 UTC 2021,hourly
Tue May 4 09:17:54 UTC 2021,hourly
Tue May 4 10:17:36 UTC 2021,hourly
Tue May 4 11:14:08 UTC 2021,hourly
Tue May 4 12:15:48 UTC 2021,daily12
Tue May 4 12:24:02 UTC 2021,hourly
Tue May 4 13:23:31 UTC 2021,hourly
Tue May 4 14:16:28 UTC 2021,hourly
Tue May 4 15:18:41 UTC 2021,hourly
Tue May 4 16:26:28 UTC 2021,hourly
Tue May 4 17:34:09 UTC 2021,hourly
Tue May 4 18:05:56 UTC 2021,daily18
Tue May 4 18:22:09 UTC 2021,hourly
Tue May 4 19:15:03 UTC 2021,hourly
Tue May 4 20:17:37 UTC 2021,hourly
Tue May 4 21:15:24 UTC 2021,hourly
Tue May 4 22:20:14 UTC 2021,hourly
Tue May 4 23:16:59 UTC 2021,hourly
Wed May 5 00:45:19 UTC 2021,daily00
Wed May 5 00:47:40 UTC 2021,hourly
Wed May 5 02:04:06 UTC 2021,hourly
Wed May 5 03:21:37 UTC 2021,hourly
Wed May 5 04:20:13 UTC 2021,hourly
Wed May 5 05:18:47 UTC 2021,hourly
Wed May 5 06:21:46 UTC 2021,hourly
Wed May 5 06:26:00 UTC 2021,daily06
Wed May 5 07:19:33 UTC 2021,hourly
Wed May 5 08:19:08 UTC 2021,hourly
Wed May 5 09:17:35 UTC 2021,hourly
Wed May 5 10:17:40 UTC 2021,hourly
Wed May 5 11:14:25 UTC 2021,hourly
Wed May 5 12:15:47 UTC 2021,daily12
Wed May 5 12:24:35 UTC 2021,hourly
Wed May 5 13:26:08 UTC 2021,hourly
Wed May 5 14:16:44 UTC 2021,hourly
Wed May 5 15:18:28 UTC 2021,hourly
Wed May 5 16:28:09 UTC 2021,hourly
Wed May 5 17:38:06 UTC 2021,hourly
Wed May 5 18:09:56 UTC 2021,daily18
Wed May 5 18:24:21 UTC 2021,hourly
Wed May 5 19:17:56 UTC 2021,hourly
Wed May 5 20:17:33 UTC 2021,hourly
Wed May 5 21:15:38 UTC 2021,hourly
Wed May 5 22:20:56 UTC 2021,hourly
Wed May 5 23:17:26 UTC 2021,hourly
Thu May 6 00:44:19 UTC 2021,daily00
Thu May 6 00:46:30 UTC 2021,hourly
Thu May 6 02:04:08 UTC 2021,hourly
Thu May 6 03:22:25 UTC 2021,hourly
Thu May 6 04:20:15 UTC 2021,hourly
Thu May 6 05:19:13 UTC 2021,hourly
Thu May 6 06:20:32 UTC 2021,hourly
Thu May 6 06:24:54 UTC 2021,daily06
Thu May 6 07:18:26 UTC 2021,hourly
Thu May 6 08:19:10 UTC 2021,hourly
Thu May 6 09:17:51 UTC 2021,hourly
Thu May 6 10:17:40 UTC 2021,hourly
Thu May 6 11:14:45 UTC 2021,hourly
Thu May 6 12:15:09 UTC 2021,daily12
Thu May 6 12:24:17 UTC 2021,hourly
Thu May 6 13:25:04 UTC 2021,hourly
Thu May 6 14:16:36 UTC 2021,hourly
Thu May 6 15:18:44 UTC 2021,hourly
Thu May 6 16:30:57 UTC 2021,hourly
Thu May 6 17:39:56 UTC 2021,hourly
Thu May 6 18:09:52 UTC 2021,daily18
Thu May 6 18:25:03 UTC 2021,hourly
Thu May 6 19:17:08 UTC 2021,hourly
Thu May 6 20:18:51 UTC 2021,hourly
Thu May 6 21:14:25 UTC 2021,hourly
Thu May 6 22:20:29 UTC 2021,hourly
Thu May 6 23:17:15 UTC 2021,hourly
Fri May 7 00:46:10 UTC 2021,daily00
Fri May 7 00:48:38 UTC 2021,hourly
Fri May 7 02:08:50 UTC 2021,hourly
Fri May 7 03:23:48 UTC 2021,hourly
Fri May 7 04:24:04 UTC 2021,hourly
Fri May 7 05:20:32 UTC 2021,hourly
Fri May 7 06:21:09 UTC 2021,hourly
Fri May 7 06:25:34 UTC 2021,daily06
Fri May 7 07:19:19 UTC 2021,hourly
Fri May 7 08:21:02 UTC 2021,hourly
Fri May 7 09:17:13 UTC 2021,hourly
Fri May 7 10:17:54 UTC 2021,hourly
Fri May 7 11:14:45 UTC 2021,hourly
Fri May 7 12:15:16 UTC 2021,daily12
Fri May 7 12:24:06 UTC 2021,hourly
Fri May 7 13:25:03 UTC 2021,hourly
Fri May 7 14:16:33 UTC 2021,hourly
Fri May 7 15:18:38 UTC 2021,hourly
Fri May 7 16:30:42 UTC 2021,hourly
Fri May 7 17:39:27 UTC 2021,hourly
Fri May 7 18:10:25 UTC 2021,daily18
Fri May 7 18:24:43 UTC 2021,hourly
Fri May 7 19:16:33 UTC 2021,hourly
Fri May 7 20:17:44 UTC 2021,hourly
Fri May 7 21:15:51 UTC 2021,hourly
Fri May 7 22:21:20 UTC 2021,hourly
Fri May 7 23:16:55 UTC 2021,hourly
Sat May 8 00:45:56 UTC 2021,daily00
Sat May 8 00:48:13 UTC 2021,hourly
Sat May 8 02:07:13 UTC 2021,hourly
Sat May 8 03:22:44 UTC 2021,hourly
Sat May 8 04:21:18 UTC 2021,hourly
Sat May 8 05:19:02 UTC 2021,hourly
Sat May 8 06:20:46 UTC 2021,hourly
Sat May 8 06:25:01 UTC 2021,daily06
Sat May 8 07:20:06 UTC 2021,hourly
Sat May 8 08:19:10 UTC 2021,hourly
Sat May 8 09:17:16 UTC 2021,hourly
Sat May 8 10:18:31 UTC 2021,hourly
Sat May 8 11:14:30 UTC 2021,hourly
Sat May 8 12:15:49 UTC 2021,daily12
Sat May 8 12:24:05 UTC 2021,hourly
Sat May 8 13:23:51 UTC 2021,hourly
Sat May 8 14:15:44 UTC 2021,hourly
Sat May 8 15:18:09 UTC 2021,hourly
Sat May 8 16:29:28 UTC 2021,hourly
Sat May 8 17:37:26 UTC 2021,hourly
Sat May 8 18:08:03 UTC 2021,daily18
Sat May 8 18:22:55 UTC 2021,hourly
Sat May 8 19:14:32 UTC 2021,hourly
Sat May 8 20:17:13 UTC 2021,hourly
Sat May 8 21:15:33 UTC 2021,hourly
Sat May 8 22:20:08 UTC 2021,hourly
Sat May 8 23:17:44 UTC 2021,hourly
Sun May 9 00:49:16 UTC 2021,daily00
Sun May 9 00:51:43 UTC 2021,hourly
Sun May 9 02:09:21 UTC 2021,hourly
Sun May 9 03:22:41 UTC 2021,hourly
Sun May 9 04:20:32 UTC 2021,hourly
Sun May 9 05:19:09 UTC 2021,hourly
Sun May 9 06:20:10 UTC 2021,hourly
Sun May 9 06:24:25 UTC 2021,daily06
Sun May 9 07:18:18 UTC 2021,hourly
Sun May 9 08:18:52 UTC 2021,hourly
Sun May 9 09:18:19 UTC 2021,hourly
Sun May 9 10:17:24 UTC 2021,hourly
Sun May 9 11:14:11 UTC 2021,hourly
Sun May 9 12:15:05 UTC 2021,daily12
Sun May 9 12:23:41 UTC 2021,hourly
Sun May 9 13:24:06 UTC 2021,hourly
Sun May 9 14:15:54 UTC 2021,hourly
Sun May 9 15:17:56 UTC 2021,hourly
Sun May 9 16:29:44 UTC 2021,hourly
Sun May 9 17:38:16 UTC 2021,hourly
Sun May 9 18:08:35 UTC 2021,daily18
Sun May 9 18:23:11 UTC 2021,hourly
Sun May 9 19:14:53 UTC 2021,hourly
Sun May 9 20:17:17 UTC 2021,hourly
Sun May 9 21:15:33 UTC 2021,hourly
Sun May 9 22:20:21 UTC 2021,hourly
Sun May 9 23:16:42 UTC 2021,hourly
Mon May 10 00:47:33 UTC 2021,daily00
Mon May 10 00:50:07 UTC 2021,hourly
Mon May 10 02:13:24 UTC 2021,hourly
Mon May 10 03:27:18 UTC 2021,hourly
Mon May 10 04:22:50 UTC 2021,hourly
Mon May 10 05:20:33 UTC 2021,hourly
Mon May 10 06:20:48 UTC 2021,hourly
Mon May 10 06:25:08 UTC 2021,daily06
Mon May 10 07:19:36 UTC 2021,hourly
Mon May 10 08:19:45 UTC 2021,hourly
Mon May 10 09:18:28 UTC 2021,hourly
Mon May 10 10:17:38 UTC 2021,hourly
Mon May 10 11:14:26 UTC 2021,hourly
Mon May 10 12:15:38 UTC 2021,daily12
Mon May 10 12:24:56 UTC 2021,hourly
Mon May 10 13:25:24 UTC 2021,hourly
Mon May 10 14:16:48 UTC 2021,hourly
Mon May 10 15:17:54 UTC 2021,hourly
Mon May 10 16:30:06 UTC 2021,hourly
Mon May 10 17:42:27 UTC 2021,hourly
Mon May 10 18:14:10 UTC 2021,daily18
Mon May 10 18:28:30 UTC 2021,hourly
Mon May 10 19:18:52 UTC 2021,hourly
Mon May 10 20:18:01 UTC 2021,hourly
Mon May 10 21:15:31 UTC 2021,hourly
Mon May 10 22:20:57 UTC 2021,hourly
Mon May 10 23:16:51 UTC 2021,hourly
Tue May 11 00:47:27 UTC 2021,daily00
Tue May 11 00:49:53 UTC 2021,hourly
Tue May 11 02:11:24 UTC 2021,hourly
Tue May 11 03:25:08 UTC 2021,hourly
Tue May 11 04:22:02 UTC 2021,hourly
Tue May 11 05:20:39 UTC 2021,hourly
Tue May 11 06:20:49 UTC 2021,hourly
Tue May 11 06:25:21 UTC 2021,daily06
Tue May 11 07:19:11 UTC 2021,hourly
Tue May 11 08:19:48 UTC 2021,hourly
Tue May 11 09:18:06 UTC 2021,hourly
Tue May 11 10:17:35 UTC 2021,hourly
Tue May 11 11:14:24 UTC 2021,hourly
Tue May 11 12:16:06 UTC 2021,daily12
Tue May 11 12:25:10 UTC 2021,hourly
Tue May 11 13:26:12 UTC 2021,hourly
Tue May 11 14:16:39 UTC 2021,hourly
Tue May 11 15:19:44 UTC 2021,hourly
Tue May 11 16:32:24 UTC 2021,hourly
Tue May 11 17:42:52 UTC 2021,hourly
Tue May 11 18:14:18 UTC 2021,daily18
Tue May 11 18:28:25 UTC 2021,hourly
Tue May 11 19:19:22 UTC 2021,hourly
Tue May 11 20:19:03 UTC 2021,hourly
Tue May 11 21:15:29 UTC 2021,hourly
Tue May 11 22:20:53 UTC 2021,hourly
Tue May 11 23:17:15 UTC 2021,hourly
Wed May 12 00:49:18 UTC 2021,daily00
Wed May 12 00:52:11 UTC 2021,hourly
Wed May 12 02:12:24 UTC 2021,hourly
Wed May 12 03:27:58 UTC 2021,hourly
Wed May 12 04:26:03 UTC 2021,hourly
Wed May 12 05:24:03 UTC 2021,hourly
Wed May 12 06:22:29 UTC 2021,hourly
Wed May 12 06:26:17 UTC 2021,daily06
Wed May 12 07:22:12 UTC 2021,hourly
Wed May 12 08:20:40 UTC 2021,hourly
Wed May 12 09:19:05 UTC 2021,hourly
Wed May 12 10:19:04 UTC 2021,hourly
Wed May 12 11:15:27 UTC 2021,hourly
Wed May 12 12:18:46 UTC 2021,daily12
Wed May 12 12:27:50 UTC 2021,hourly
Wed May 12 13:29:18 UTC 2021,hourly
Wed May 12 14:17:48 UTC 2021,hourly
Wed May 12 15:21:12 UTC 2021,hourly
Wed May 12 16:36:12 UTC 2021,hourly
Wed May 12 17:45:01 UTC 2021,hourly
Wed May 12 18:18:19 UTC 2021,daily18
Wed May 12 18:32:37 UTC 2021,hourly
Wed May 12 19:22:32 UTC 2021,hourly
Wed May 12 20:19:45 UTC 2021,hourly
Wed May 12 21:16:46 UTC 2021,hourly
Wed May 12 22:22:29 UTC 2021,hourly
Wed May 12 23:19:06 UTC 2021,hourly
Thu May 13 00:55:37 UTC 2021,daily00
Thu May 13 00:57:37 UTC 2021,hourly
Thu May 13 02:23:38 UTC 2021,hourly
Thu May 13 03:30:01 UTC 2021,hourly
Thu May 13 04:27:27 UTC 2021,hourly
Thu May 13 05:25:54 UTC 2021,hourly
Thu May 13 06:22:38 UTC 2021,hourly
Thu May 13 06:26:51 UTC 2021,daily06
Thu May 13 07:23:17 UTC 2021,hourly
Thu May 13 08:20:56 UTC 2021,hourly
Thu May 13 09:20:07 UTC 2021,hourly
Thu May 13 10:19:43 UTC 2021,hourly
Thu May 13 11:16:42 UTC 2021,hourly
Thu May 13 12:18:41 UTC 2021,daily12
Thu May 13 12:27:06 UTC 2021,hourly
Thu May 13 13:28:12 UTC 2021,hourly
Thu May 13 14:18:09 UTC 2021,hourly
Thu May 13 15:20:57 UTC 2021,hourly
Thu May 13 16:35:22 UTC 2021,hourly
Thu May 13 17:45:23 UTC 2021,hourly
Thu May 13 18:18:43 UTC 2021,daily18
Thu May 13 18:33:12 UTC 2021,hourly
Thu May 13 19:23:19 UTC 2021,hourly
Thu May 13 20:20:05 UTC 2021,hourly
Thu May 13 21:17:13 UTC 2021,hourly
Thu May 13 22:22:24 UTC 2021,hourly
Thu May 13 23:21:31 UTC 2021,hourly
Fri May 14 00:57:21 UTC 2021,daily00
Fri May 14 00:59:28 UTC 2021,hourly
Fri May 14 02:24:44 UTC 2021,hourly
Fri May 14 03:32:18 UTC 2021,hourly
Fri May 14 04:28:33 UTC 2021,hourly
Fri May 14 05:25:35 UTC 2021,hourly
Fri May 14 06:22:44 UTC 2021,hourly
Fri May 14 06:27:05 UTC 2021,daily06
Fri May 14 07:24:07 UTC 2021,hourly
Fri May 14 08:22:44 UTC 2021,hourly
Fri May 14 09:20:49 UTC 2021,hourly
Fri May 14 10:19:55 UTC 2021,hourly
Fri May 14 11:15:30 UTC 2021,hourly
Fri May 14 12:18:14 UTC 2021,daily12
Fri May 14 12:26:55 UTC 2021,hourly
Fri May 14 13:27:43 UTC 2021,hourly
Fri May 14 14:29:45 UTC 2021,hourly
Fri May 14 15:26:18 UTC 2021,hourly
Fri May 14 16:35:59 UTC 2021,hourly
Fri May 14 17:45:38 UTC 2021,hourly
Fri May 14 18:19:39 UTC 2021,daily18
Fri May 14 18:34:05 UTC 2021,hourly
Fri May 14 19:23:49 UTC 2021,hourly
Fri May 14 20:19:50 UTC 2021,hourly
Fri May 14 21:17:02 UTC 2021,hourly
Fri May 14 22:22:15 UTC 2021,hourly
Fri May 14 23:19:53 UTC 2021,hourly
Sat May 15 00:54:45 UTC 2021,daily00
Sat May 15 00:56:54 UTC 2021,hourly
Sat May 15 02:20:14 UTC 2021,hourly
Sat May 15 03:27:54 UTC 2021,hourly
Sat May 15 04:26:20 UTC 2021,hourly
Sat May 15 05:23:38 UTC 2021,hourly
Sat May 15 06:22:53 UTC 2021,hourly
Sat May 15 06:27:08 UTC 2021,daily06
Sat May 15 07:22:35 UTC 2021,hourly
Sat May 15 08:20:52 UTC 2021,hourly
Sat May 15 09:19:18 UTC 2021,hourly
Sat May 15 10:18:44 UTC 2021,hourly
Sat May 15 11:15:34 UTC 2021,hourly
Sat May 15 12:17:47 UTC 2021,daily12
Sat May 15 12:26:20 UTC 2021,hourly
Sat May 15 13:26:50 UTC 2021,hourly
Sat May 15 14:17:46 UTC 2021,hourly
Sat May 15 15:19:49 UTC 2021,hourly
Sat May 15 16:34:14 UTC 2021,hourly
Sat May 15 17:43:45 UTC 2021,hourly
Sat May 15 18:17:31 UTC 2021,daily18
Sat May 15 18:30:51 UTC 2021,hourly
Sat May 15 19:21:36 UTC 2021,hourly
Sat May 15 20:19:23 UTC 2021,hourly
Sat May 15 21:16:29 UTC 2021,hourly
Sat May 15 22:21:52 UTC 2021,hourly
Sat May 15 23:19:01 UTC 2021,hourly
Sun May 16 01:00:06 UTC 2021,daily00
Sun May 16 01:02:33 UTC 2021,hourly
Sun May 16 02:52:39 UTC 2021,hourly
Sun May 16 03:35:13 UTC 2021,hourly
Sun May 16 04:30:15 UTC 2021,hourly
Sun May 16 05:25:50 UTC 2021,hourly
Sun May 16 06:22:26 UTC 2021,hourly
Sun May 16 06:26:32 UTC 2021,daily06
Sun May 16 07:22:16 UTC 2021,hourly
Sun May 16 08:22:47 UTC 2021,hourly
Sun May 16 09:41:16 UTC 2021,hourly
Sun May 16 10:29:18 UTC 2021,hourly
Sun May 16 11:26:18 UTC 2021,hourly
Sun May 16 12:31:43 UTC 2021,daily12
Sun May 16 16:35:52 UTC 2021,hourly
Sun May 16 17:46:23 UTC 2021,hourly
Sun May 16 18:19:12 UTC 2021,daily18
Sun May 16 18:33:00 UTC 2021,hourly
Sun May 16 19:22:31 UTC 2021,hourly
Sun May 16 20:19:18 UTC 2021,hourly
Sun May 16 21:16:39 UTC 2021,hourly
Sun May 16 22:21:59 UTC 2021,hourly
Sun May 16 23:18:53 UTC 2021,hourly
Mon May 17 00:55:33 UTC 2021,daily00
Mon May 17 00:57:35 UTC 2021,hourly
Mon May 17 02:24:40 UTC 2021,hourly
Mon May 17 03:32:10 UTC 2021,hourly
Mon May 17 04:28:27 UTC 2021,hourly
Mon May 17 05:25:41 UTC 2021,hourly
Mon May 17 06:22:50 UTC 2021,hourly
Mon May 17 06:27:13 UTC 2021,daily06
Mon May 17 07:23:32 UTC 2021,hourly
Mon May 17 08:21:23 UTC 2021,hourly
Mon May 17 09:20:09 UTC 2021,hourly
Mon May 17 10:20:43 UTC 2021,hourly
Mon May 17 11:15:42 UTC 2021,hourly
Mon May 17 12:19:11 UTC 2021,daily12
Mon May 17 12:28:14 UTC 2021,hourly
Mon May 17 13:30:44 UTC 2021,hourly
Mon May 17 14:17:22 UTC 2021,hourly
Mon May 17 15:20:43 UTC 2021,hourly
Mon May 17 16:36:07 UTC 2021,hourly
Mon May 17 17:44:53 UTC 2021,hourly
Mon May 17 18:19:42 UTC 2021,daily18
Mon May 17 18:33:41 UTC 2021,hourly
Mon May 17 19:22:43 UTC 2021,hourly
Mon May 17 20:20:03 UTC 2021,hourly
Mon May 17 21:17:05 UTC 2021,hourly
Mon May 17 22:22:08 UTC 2021,hourly
Mon May 17 23:20:07 UTC 2021,hourly
Tue May 18 00:59:20 UTC 2021,daily00
Tue May 18 01:01:28 UTC 2021,hourly
Tue May 18 02:48:54 UTC 2021,hourly
Tue May 18 03:32:30 UTC 2021,hourly
Tue May 18 04:29:39 UTC 2021,hourly
Tue May 18 05:26:30 UTC 2021,hourly
Tue May 18 06:22:25 UTC 2021,hourly
Tue May 18 06:26:47 UTC 2021,daily06
Tue May 18 07:23:25 UTC 2021,hourly
Tue May 18 08:21:34 UTC 2021,hourly
Tue May 18 09:20:10 UTC 2021,hourly
Tue May 18 10:19:50 UTC 2021,hourly
Tue May 18 11:15:38 UTC 2021,hourly
Tue May 18 12:19:10 UTC 2021,daily12
Tue May 18 12:28:16 UTC 2021,hourly
Tue May 18 13:29:19 UTC 2021,hourly
Tue May 18 14:17:52 UTC 2021,hourly
Tue May 18 15:20:33 UTC 2021,hourly
Tue May 18 16:34:49 UTC 2021,hourly
Tue May 18 17:47:54 UTC 2021,hourly
Tue May 18 18:22:29 UTC 2021,daily18
Tue May 18 18:36:51 UTC 2021,hourly
Tue May 18 19:25:16 UTC 2021,hourly
Tue May 18 20:19:40 UTC 2021,hourly
Tue May 18 21:16:31 UTC 2021,hourly
Tue May 18 22:22:06 UTC 2021,hourly
Tue May 18 23:19:43 UTC 2021,hourly
Wed May 19 00:54:50 UTC 2021,daily00
Wed May 19 00:56:55 UTC 2021,hourly
Wed May 19 02:19:04 UTC 2021,hourly
Wed May 19 03:27:37 UTC 2021,hourly
Wed May 19 04:25:42 UTC 2021,hourly
Wed May 19 05:24:30 UTC 2021,hourly
Wed May 19 06:23:11 UTC 2021,hourly
Wed May 19 06:27:54 UTC 2021,daily06
Wed May 19 07:23:25 UTC 2021,hourly
Wed May 19 08:21:16 UTC 2021,hourly
Wed May 19 09:20:03 UTC 2021,hourly
Wed May 19 10:19:14 UTC 2021,hourly
Wed May 19 11:15:42 UTC 2021,hourly
Wed May 19 12:18:58 UTC 2021,daily12
Wed May 19 12:27:35 UTC 2021,hourly
Wed May 19 13:28:37 UTC 2021,hourly
Wed May 19 14:17:41 UTC 2021,hourly
Wed May 19 15:20:12 UTC 2021,hourly
Wed May 19 16:35:02 UTC 2021,hourly
Wed May 19 17:45:28 UTC 2021,hourly
Wed May 19 18:20:50 UTC 2021,daily18
Wed May 19 18:34:32 UTC 2021,hourly
Wed May 19 19:23:50 UTC 2021,hourly
Wed May 19 20:19:52 UTC 2021,hourly
Wed May 19 21:16:57 UTC 2021,hourly
Wed May 19 22:21:48 UTC 2021,hourly
Wed May 19 23:19:08 UTC 2021,hourly
Thu May 20 00:52:15 UTC 2021,daily00
Thu May 20 00:54:36 UTC 2021,hourly
Thu May 20 02:16:22 UTC 2021,hourly
Thu May 20 03:29:05 UTC 2021,hourly
Thu May 20 04:27:02 UTC 2021,hourly
Thu May 20 05:25:34 UTC 2021,hourly
Thu May 20 06:22:44 UTC 2021,hourly
Thu May 20 06:26:58 UTC 2021,daily06
Thu May 20 07:26:18 UTC 2021,hourly
Thu May 20 08:21:03 UTC 2021,hourly
Thu May 20 09:19:50 UTC 2021,hourly
Thu May 20 10:19:39 UTC 2021,hourly
Thu May 20 11:16:06 UTC 2021,hourly
Thu May 20 12:19:13 UTC 2021,daily12
Thu May 20 12:28:05 UTC 2021,hourly
Thu May 20 13:30:32 UTC 2021,hourly
Thu May 20 14:16:14 UTC 2021,hourly
Thu May 20 15:20:36 UTC 2021,hourly
Thu May 20 16:36:45 UTC 2021,hourly
Thu May 20 17:48:12 UTC 2021,hourly
Thu May 20 18:22:20 UTC 2021,daily18
Thu May 20 18:36:22 UTC 2021,hourly
Thu May 20 19:26:17 UTC 2021,hourly
Thu May 20 20:17:51 UTC 2021,hourly
Thu May 20 21:16:55 UTC 2021,hourly
Thu May 20 22:21:23 UTC 2021,hourly
Thu May 20 23:18:52 UTC 2021,hourly
Fri May 21 00:56:05 UTC 2021,daily00
Fri May 21 00:58:03 UTC 2021,hourly
Fri May 21 02:23:00 UTC 2021,hourly
Fri May 21 03:30:50 UTC 2021,hourly
Fri May 21 04:28:44 UTC 2021,hourly
Fri May 21 05:26:45 UTC 2021,hourly
Fri May 21 06:22:29 UTC 2021,hourly
Fri May 21 06:26:41 UTC 2021,daily06
Fri May 21 07:23:58 UTC 2021,hourly
Fri May 21 08:22:02 UTC 2021,hourly
Fri May 21 09:20:29 UTC 2021,hourly
Fri May 21 10:20:15 UTC 2021,hourly
Fri May 21 11:16:06 UTC 2021,hourly
Fri May 21 12:19:56 UTC 2021,daily12
Fri May 21 12:29:04 UTC 2021,hourly
Fri May 21 13:31:04 UTC 2021,hourly
Fri May 21 14:17:31 UTC 2021,hourly
Fri May 21 15:20:22 UTC 2021,hourly
Fri May 21 16:36:07 UTC 2021,hourly
Fri May 21 17:49:51 UTC 2021,hourly
Fri May 21 18:24:22 UTC 2021,daily18
Fri May 21 18:39:31 UTC 2021,hourly
Fri May 21 19:29:58 UTC 2021,hourly
Fri May 21 20:20:11 UTC 2021,hourly
Fri May 21 21:17:11 UTC 2021,hourly
Fri May 21 22:18:51 UTC 2021,hourly
Fri May 21 23:18:50 UTC 2021,hourly
Sat May 22 00:55:27 UTC 2021,daily00
Sat May 22 00:57:23 UTC 2021,hourly
Sat May 22 02:22:33 UTC 2021,hourly
Sat May 22 03:30:46 UTC 2021,hourly
Sat May 22 04:29:45 UTC 2021,hourly
Sat May 22 05:28:09 UTC 2021,hourly
Sat May 22 06:22:11 UTC 2021,hourly
Sat May 22 06:26:33 UTC 2021,daily06
Sat May 22 07:24:10 UTC 2021,hourly
Sat May 22 08:21:12 UTC 2021,hourly
Sat May 22 09:20:06 UTC 2021,hourly
Sat May 22 10:20:32 UTC 2021,hourly
Sat May 22 11:15:57 UTC 2021,hourly
Sat May 22 12:18:32 UTC 2021,daily12
Sat May 22 12:27:48 UTC 2021,hourly
Sat May 22 13:28:56 UTC 2021,hourly
Sat May 22 14:15:41 UTC 2021,hourly
Sat May 22 15:19:51 UTC 2021,hourly
Sat May 22 16:34:39 UTC 2021,hourly
Sat May 22 17:46:14 UTC 2021,hourly
Sat May 22 18:22:11 UTC 2021,daily18
Sat May 22 18:35:55 UTC 2021,hourly
Sat May 22 19:26:15 UTC 2021,hourly
Sat May 22 20:19:28 UTC 2021,hourly
Sat May 22 21:16:21 UTC 2021,hourly
Sat May 22 22:18:17 UTC 2021,hourly
Sat May 22 23:18:11 UTC 2021,hourly
Sun May 23 01:01:55 UTC 2021,daily00
Sun May 23 01:04:26 UTC 2021,hourly
Sun May 23 02:55:09 UTC 2021,hourly
Sun May 23 03:41:41 UTC 2021,hourly
Sun May 23 04:34:36 UTC 2021,hourly
Sun May 23 05:29:59 UTC 2021,hourly
Sun May 23 06:23:17 UTC 2021,hourly
Sun May 23 06:27:25 UTC 2021,daily06
Sun May 23 07:23:48 UTC 2021,hourly
Sun May 23 08:20:49 UTC 2021,hourly
Sun May 23 09:19:23 UTC 2021,hourly
Sun May 23 10:19:35 UTC 2021,hourly
Sun May 23 11:15:07 UTC 2021,hourly
Sun May 23 12:18:41 UTC 2021,daily12
Sun May 23 12:27:36 UTC 2021,hourly
Sun May 23 13:30:36 UTC 2021,hourly
Sun May 23 14:16:09 UTC 2021,hourly
Sun May 23 15:19:53 UTC 2021,hourly
Sun May 23 16:34:47 UTC 2021,hourly
Sun May 23 17:45:28 UTC 2021,hourly
Sun May 23 18:19:59 UTC 2021,daily18
Sun May 23 18:33:53 UTC 2021,hourly
Sun May 23 19:24:32 UTC 2021,hourly
Sun May 23 20:19:49 UTC 2021,hourly
Sun May 23 21:16:32 UTC 2021,hourly
Sun May 23 22:18:26 UTC 2021,hourly
Sun May 23 23:18:54 UTC 2021,hourly
Mon May 24 00:59:57 UTC 2021,daily00
Mon May 24 01:02:00 UTC 2021,hourly
Mon May 24 02:54:37 UTC 2021,hourly
Mon May 24 03:39:10 UTC 2021,hourly
Mon May 24 04:33:08 UTC 2021,hourly
Mon May 24 05:30:53 UTC 2021,hourly
Mon May 24 06:24:43 UTC 2021,hourly
Mon May 24 06:28:30 UTC 2021,daily06
Mon May 24 07:26:03 UTC 2021,hourly
Mon May 24 08:21:29 UTC 2021,hourly
Mon May 24 09:21:55 UTC 2021,hourly
Mon May 24 10:23:43 UTC 2021,hourly
Mon May 24 11:20:23 UTC 2021,hourly
Mon May 24 12:20:14 UTC 2021,daily12
Mon May 24 12:29:49 UTC 2021,hourly
Mon May 24 13:35:09 UTC 2021,hourly
Mon May 24 14:20:55 UTC 2021,hourly
Mon May 24 15:20:59 UTC 2021,hourly
Mon May 24 16:42:17 UTC 2021,hourly
Mon May 24 17:56:13 UTC 2021,hourly
Mon May 24 18:26:14 UTC 2021,daily18
Mon May 24 18:46:21 UTC 2021,hourly
Mon May 24 19:35:16 UTC 2021,hourly
Mon May 24 20:20:48 UTC 2021,hourly
Mon May 24 21:18:01 UTC 2021,hourly
Mon May 24 22:19:47 UTC 2021,hourly
Mon May 24 23:18:42 UTC 2021,hourly
Tue May 25 00:58:22 UTC 2021,daily00
Tue May 25 01:00:30 UTC 2021,hourly
Tue May 25 03:00:46 UTC 2021,hourly
Tue May 25 04:40:43 UTC 2021,hourly
Tue May 25 05:40:34 UTC 2021,hourly
Tue May 25 06:32:44 UTC 2021,hourly
Tue May 25 06:36:31 UTC 2021,daily06
Tue May 25 07:33:22 UTC 2021,hourly
Tue May 25 08:27:11 UTC 2021,hourly
Tue May 25 09:26:20 UTC 2021,hourly
Tue May 25 10:27:39 UTC 2021,hourly
Tue May 25 11:24:14 UTC 2021,hourly
Tue May 25 12:20:54 UTC 2021,daily12
Tue May 25 12:30:26 UTC 2021,hourly
Tue May 25 13:39:32 UTC 2021,hourly
Tue May 25 14:23:57 UTC 2021,hourly
Tue May 25 15:21:07 UTC 2021,hourly
Tue May 25 16:45:36 UTC 2021,hourly
Tue May 25 18:06:29 UTC 2021,hourly
Tue May 25 18:33:00 UTC 2021,daily18
Tue May 25 19:34:40 UTC 2021,hourly
Tue May 25 20:21:55 UTC 2021,hourly
Tue May 25 21:17:13 UTC 2021,hourly
Tue May 25 22:21:09 UTC 2021,hourly
Tue May 25 23:23:35 UTC 2021,hourly
Wed May 26 01:10:24 UTC 2021,daily00
Wed May 26 01:13:35 UTC 2021,hourly
Wed May 26 03:26:37 UTC 2021,hourly
Wed May 26 04:51:56 UTC 2021,hourly
Wed May 26 05:49:17 UTC 2021,hourly
Wed May 26 06:40:43 UTC 2021,hourly
Wed May 26 06:44:46 UTC 2021,daily06
Wed May 26 07:43:40 UTC 2021,hourly
Wed May 26 08:33:46 UTC 2021,hourly
Wed May 26 09:30:07 UTC 2021,hourly
Wed May 26 10:31:43 UTC 2021,hourly
Wed May 26 11:27:09 UTC 2021,hourly
Wed May 26 12:23:54 UTC 2021,daily12
Wed May 26 12:32:38 UTC 2021,hourly
Wed May 26 13:46:55 UTC 2021,hourly
Wed May 26 14:31:19 UTC 2021,hourly
Wed May 26 15:23:36 UTC 2021,hourly
Wed May 26 16:52:18 UTC 2021,hourly
Wed May 26 18:21:40 UTC 2021,hourly
Wed May 26 18:45:29 UTC 2021,daily18
Wed May 26 19:51:44 UTC 2021,hourly
Wed May 26 20:33:36 UTC 2021,hourly
Wed May 26 21:22:57 UTC 2021,hourly
Wed May 26 22:24:52 UTC 2021,hourly
Wed May 26 23:26:10 UTC 2021,hourly
Thu May 27 01:16:53 UTC 2021,daily00
Thu May 27 01:20:24 UTC 2021,hourly
Thu May 27 03:43:24 UTC 2021,hourly
Thu May 27 05:03:39 UTC 2021,hourly
Thu May 27 06:46:31 UTC 2021,hourly
Thu May 27 06:50:38 UTC 2021,daily06
Thu May 27 07:52:46 UTC 2021,hourly
Thu May 27 08:42:11 UTC 2021,hourly
Thu May 27 09:39:51 UTC 2021,hourly
Thu May 27 10:41:06 UTC 2021,hourly
Thu May 27 11:36:28 UTC 2021,hourly
Thu May 27 12:32:07 UTC 2021,daily12
Thu May 27 12:40:45 UTC 2021,hourly
Thu May 27 13:53:27 UTC 2021,hourly
Thu May 27 14:38:07 UTC 2021,hourly
Thu May 27 15:30:48 UTC 2021,hourly
Thu May 27 17:05:08 UTC 2021,hourly
Thu May 27 18:50:41 UTC 2021,daily18
Thu May 27 18:59:17 UTC 2021,hourly
Thu May 27 19:56:32 UTC 2021,hourly
Thu May 27 20:36:57 UTC 2021,hourly
Thu May 27 21:23:32 UTC 2021,hourly
Thu May 27 22:26:28 UTC 2021,hourly
Thu May 27 23:28:44 UTC 2021,hourly
Fri May 28 01:26:26 UTC 2021,daily00
Fri May 28 01:30:10 UTC 2021,hourly
Fri May 28 04:11:40 UTC 2021,hourly
Fri May 28 06:19:57 UTC 2021,hourly
Fri May 28 07:08:13 UTC 2021,daily06
Fri May 28 07:57:38 UTC 2021,hourly
Fri May 28 08:53:23 UTC 2021,hourly
Fri May 28 09:42:21 UTC 2021,hourly
Fri May 28 10:47:03 UTC 2021,hourly
Fri May 28 11:44:41 UTC 2021,hourly
Fri May 28 12:40:34 UTC 2021,daily12
Fri May 28 12:49:29 UTC 2021,hourly
Fri May 28 14:00:48 UTC 2021,hourly
Fri May 28 15:27:28 UTC 2021,hourly
Fri May 28 17:03:44 UTC 2021,hourly
Fri May 28 19:00:32 UTC 2021,daily18
Fri May 28 19:09:31 UTC 2021,hourly
Fri May 28 20:38:33 UTC 2021,hourly
Fri May 28 21:26:47 UTC 2021,hourly
Fri May 28 22:30:13 UTC 2021,hourly
Fri May 28 23:33:37 UTC 2021,hourly
Sat May 29 01:42:49 UTC 2021,daily00
Sat May 29 01:46:39 UTC 2021,hourly
Sat May 29 04:43:53 UTC 2021,hourly
Sat May 29 06:49:21 UTC 2021,hourly
Sat May 29 07:34:15 UTC 2021,daily06
Sat May 29 08:24:45 UTC 2021,hourly
Sat May 29 09:53:01 UTC 2021,hourly
Sat May 29 10:49:16 UTC 2021,hourly
Sat May 29 11:43:25 UTC 2021,hourly
Sat May 29 12:39:36 UTC 2021,daily12
Sat May 29 12:50:15 UTC 2021,hourly
Sat May 29 14:12:18 UTC 2021,hourly
Sat May 29 15:28:31 UTC 2021,hourly
Sat May 29 17:09:05 UTC 2021,hourly
Sat May 29 19:08:43 UTC 2021,daily18
Sat May 29 19:18:00 UTC 2021,hourly
Sat May 29 20:42:25 UTC 2021,hourly
Sat May 29 21:30:50 UTC 2021,hourly
Sat May 29 22:31:57 UTC 2021,hourly
Sat May 29 23:33:33 UTC 2021,hourly
Sun May 30 01:52:25 UTC 2021,daily00
Sun May 30 01:56:54 UTC 2021,hourly
Sun May 30 04:48:04 UTC 2021,hourly
Sun May 30 06:43:04 UTC 2021,hourly
Sun May 30 07:17:08 UTC 2021,daily06
Sun May 30 08:12:02 UTC 2021,hourly
Sun May 30 09:44:48 UTC 2021,hourly
Sun May 30 10:48:35 UTC 2021,hourly
Sun May 30 11:44:25 UTC 2021,hourly
Sun May 30 12:40:34 UTC 2021,daily12
Sun May 30 12:50:08 UTC 2021,hourly
Sun May 30 14:11:00 UTC 2021,hourly
Sun May 30 15:29:12 UTC 2021,hourly
Sun May 30 17:07:23 UTC 2021,hourly
Sun May 30 19:05:18 UTC 2021,daily18
Sun May 30 19:15:30 UTC 2021,hourly
Sun May 30 20:42:48 UTC 2021,hourly
Sun May 30 21:32:59 UTC 2021,hourly
Sun May 30 22:34:06 UTC 2021,hourly
Sun May 30 23:38:24 UTC 2021,hourly
Mon May 31 02:03:57 UTC 2021,daily00
Mon May 31 02:08:19 UTC 2021,hourly
Mon May 31 05:11:41 UTC 2021,hourly
Mon May 31 07:24:31 UTC 2021,hourly
Mon May 31 07:29:58 UTC 2021,daily06
Mon May 31 09:02:30 UTC 2021,hourly
Mon May 31 10:54:14 UTC 2021,hourly
Mon May 31 11:59:06 UTC 2021,hourly
Mon May 31 12:47:06 UTC 2021,daily12
Mon May 31 13:10:54 UTC 2021,hourly
Mon May 31 14:36:38 UTC 2021,hourly
Mon May 31 15:36:29 UTC 2021,hourly
Mon May 31 17:27:22 UTC 2021,hourly
Mon May 31 19:26:31 UTC 2021,daily18
Mon May 31 19:44:35 UTC 2021,hourly
Mon May 31 21:12:35 UTC 2021,hourly
Mon May 31 22:45:03 UTC 2021,hourly
Mon May 31 23:47:25 UTC 2021,hourly
Tue Jun 1 02:26:06 UTC 2021,daily00
Tue Jun 1 02:31:17 UTC 2021,hourly
Tue Jun 1 05:45:25 UTC 2021,hourly
Tue Jun 1 07:50:43 UTC 2021,hourly
Tue Jun 1 07:55:10 UTC 2021,daily06
Tue Jun 1 09:21:40 UTC 2021,hourly
Tue Jun 1 11:01:16 UTC 2021,hourly
Tue Jun 1 12:56:35 UTC 2021,daily12
Tue Jun 1 13:05:52 UTC 2021,hourly
Tue Jun 1 14:44:44 UTC 2021,hourly
Tue Jun 1 15:47:00 UTC 2021,hourly
Tue Jun 1 17:54:13 UTC 2021,hourly
Tue Jun 1 20:12:59 UTC 2021,daily18
Tue Jun 1 20:31:06 UTC 2021,hourly
Tue Jun 1 22:15:44 UTC 2021,hourly
Tue Jun 1 23:51:13 UTC 2021,hourly
Wed Jun 2 02:31:04 UTC 2021,daily00
Wed Jun 2 02:36:03 UTC 2021,hourly
Wed Jun 2 05:42:40 UTC 2021,hourly
Wed Jun 2 07:52:11 UTC 2021,hourly
Wed Jun 2 07:55:29 UTC 2021,daily06
Wed Jun 2 09:53:06 UTC 2021,hourly
Wed Jun 2 11:25:23 UTC 2021,hourly
Wed Jun 2 12:57:20 UTC 2021,daily12
Wed Jun 2 13:09:23 UTC 2021,hourly
Wed Jun 2 14:59:04 UTC 2021,hourly
Wed Jun 2 16:12:02 UTC 2021,hourly
Wed Jun 2 19:35:44 UTC 2021,hourly
Wed Jun 2 20:10:28 UTC 2021,daily18
Wed Jun 2 21:25:14 UTC 2021,hourly
Wed Jun 2 22:50:31 UTC 2021,hourly
Wed Jun 2 23:50:12 UTC 2021,hourly
Thu Jun 3 02:07:02 UTC 2021,daily00
Thu Jun 3 02:11:16 UTC 2021,hourly
Thu Jun 3 05:12:59 UTC 2021,hourly
Thu Jun 3 07:26:42 UTC 2021,hourly
Thu Jun 3 07:31:59 UTC 2021,daily06
Thu Jun 3 09:01:18 UTC 2021,hourly
Thu Jun 3 10:57:42 UTC 2021,hourly
Thu Jun 3 11:58:35 UTC 2021,hourly
Thu Jun 3 12:41:00 UTC 2021,daily12
Thu Jun 3 13:06:15 UTC 2021,hourly
Thu Jun 3 14:37:34 UTC 2021,hourly
Thu Jun 3 15:36:11 UTC 2021,hourly
Thu Jun 3 17:37:41 UTC 2021,hourly
Thu Jun 3 19:36:55 UTC 2021,daily18
Thu Jun 3 19:52:23 UTC 2021,hourly
Thu Jun 3 21:16:53 UTC 2021,hourly
Thu Jun 3 22:51:15 UTC 2021,hourly
Thu Jun 3 23:56:12 UTC 2021,hourly
Fri Jun 4 01:44:30 UTC 2021,daily00
Fri Jun 4 02:03:18 UTC 2021,hourly
Fri Jun 4 04:40:46 UTC 2021,hourly
Fri Jun 4 06:54:11 UTC 2021,hourly
Fri Jun 4 07:48:52 UTC 2021,daily06
Fri Jun 4 08:53:55 UTC 2021,hourly
Fri Jun 4 10:23:40 UTC 2021,hourly
Fri Jun 4 12:10:01 UTC 2021,hourly
Fri Jun 4 12:55:00 UTC 2021,daily12
Fri Jun 4 14:25:04 UTC 2021,hourly
Fri Jun 4 15:49:41 UTC 2021,hourly
Fri Jun 4 17:37:14 UTC 2021,hourly
Fri Jun 4 19:24:03 UTC 2021,daily18
Fri Jun 4 19:41:13 UTC 2021,hourly
Fri Jun 4 21:09:25 UTC 2021,hourly
Fri Jun 4 22:41:37 UTC 2021,hourly
Fri Jun 4 23:43:22 UTC 2021,hourly
Sat Jun 5 01:20:23 UTC 2021,daily00
Sat Jun 5 01:22:56 UTC 2021,hourly
Sat Jun 5 03:41:55 UTC 2021,hourly
Sat Jun 5 05:19:24 UTC 2021,hourly
Sat Jun 5 06:54:45 UTC 2021,hourly
Sat Jun 5 06:58:53 UTC 2021,daily06
Sat Jun 5 07:54:20 UTC 2021,hourly
Sat Jun 5 08:45:40 UTC 2021,hourly
Sat Jun 5 09:42:29 UTC 2021,hourly
Sat Jun 5 10:48:51 UTC 2021,hourly
Sat Jun 5 11:44:13 UTC 2021,hourly
Sat Jun 5 12:40:40 UTC 2021,daily12
Sat Jun 5 12:50:31 UTC 2021,hourly
Sat Jun 5 14:05:48 UTC 2021,hourly
Sat Jun 5 15:26:54 UTC 2021,hourly
Sat Jun 5 16:58:49 UTC 2021,hourly
Sat Jun 5 18:27:57 UTC 2021,hourly
Sat Jun 5 18:48:10 UTC 2021,daily18
Sat Jun 5 19:55:29 UTC 2021,hourly
Sat Jun 5 20:31:18 UTC 2021,hourly
Sat Jun 5 21:23:29 UTC 2021,hourly
Sat Jun 5 22:27:26 UTC 2021,hourly
Sat Jun 5 23:29:34 UTC 2021,hourly
Sun Jun 6 01:14:23 UTC 2021,daily00
Sun Jun 6 01:16:48 UTC 2021,hourly
Sun Jun 6 03:35:36 UTC 2021,hourly
Sun Jun 6 05:12:47 UTC 2021,hourly
Sun Jun 6 06:48:44 UTC 2021,hourly
Sun Jun 6 06:53:37 UTC 2021,daily06
Sun Jun 6 07:57:03 UTC 2021,hourly
Sun Jun 6 08:53:56 UTC 2021,hourly
Sun Jun 6 09:44:02 UTC 2021,hourly
Sun Jun 6 10:47:33 UTC 2021,hourly
Sun Jun 6 11:44:06 UTC 2021,hourly
Sun Jun 6 12:41:01 UTC 2021,daily12
Sun Jun 6 12:51:39 UTC 2021,hourly
Sun Jun 6 14:08:47 UTC 2021,hourly
Sun Jun 6 15:27:34 UTC 2021,hourly
Sun Jun 6 16:55:27 UTC 2021,hourly
Sun Jun 6 18:22:47 UTC 2021,hourly
Sun Jun 6 18:48:50 UTC 2021,daily18
Sun Jun 6 19:57:49 UTC 2021,hourly
Sun Jun 6 20:39:14 UTC 2021,hourly
Sun Jun 6 21:24:22 UTC 2021,hourly
Sun Jun 6 22:26:58 UTC 2021,hourly
Sun Jun 6 23:29:07 UTC 2021,hourly
Mon Jun 7 01:15:27 UTC 2021,daily00
Mon Jun 7 01:17:58 UTC 2021,hourly
Mon Jun 7 03:51:04 UTC 2021,hourly
Mon Jun 7 05:43:39 UTC 2021,hourly
Mon Jun 7 07:38:47 UTC 2021,hourly
Mon Jun 7 07:43:06 UTC 2021,daily06
Mon Jun 7 09:21:11 UTC 2021,hourly
Mon Jun 7 11:07:01 UTC 2021,hourly
Mon Jun 7 12:49:03 UTC 2021,daily12
Mon Jun 7 13:00:06 UTC 2021,hourly
Mon Jun 7 14:28:03 UTC 2021,hourly
Mon Jun 7 15:42:26 UTC 2021,hourly
Mon Jun 7 17:24:07 UTC 2021,hourly
Mon Jun 7 19:33:48 UTC 2021,daily18
Mon Jun 7 19:50:09 UTC 2021,hourly
Mon Jun 7 21:15:19 UTC 2021,hourly
Mon Jun 7 22:43:17 UTC 2021,hourly
Mon Jun 7 23:38:16 UTC 2021,hourly
Tue Jun 8 01:13:52 UTC 2021,daily00
Tue Jun 8 01:16:52 UTC 2021,hourly
Tue Jun 8 03:16:10 UTC 2021,hourly
Tue Jun 8 04:52:46 UTC 2021,hourly
Tue Jun 8 05:52:26 UTC 2021,hourly
Tue Jun 8 06:33:24 UTC 2021,hourly
Tue Jun 8 06:36:57 UTC 2021,daily06
Tue Jun 8 07:30:21 UTC 2021,hourly
Tue Jun 8 08:21:55 UTC 2021,hourly
Tue Jun 8 09:19:43 UTC 2021,hourly
Tue Jun 8 10:22:17 UTC 2021,hourly
Tue Jun 8 11:18:10 UTC 2021,hourly
Tue Jun 8 12:17:33 UTC 2021,daily12
Tue Jun 8 12:25:47 UTC 2021,hourly
Tue Jun 8 13:33:32 UTC 2021,hourly
Tue Jun 8 14:21:33 UTC 2021,hourly
Tue Jun 8 15:18:43 UTC 2021,hourly
Tue Jun 8 16:40:49 UTC 2021,hourly
Tue Jun 8 17:55:08 UTC 2021,hourly
Tue Jun 8 18:28:20 UTC 2021,daily18
Tue Jun 8 18:44:29 UTC 2021,hourly
Tue Jun 8 19:38:03 UTC 2021,hourly
Tue Jun 8 20:22:21 UTC 2021,hourly
Tue Jun 8 21:15:34 UTC 2021,hourly
Tue Jun 8 22:16:48 UTC 2021,hourly
Tue Jun 8 23:17:24 UTC 2021,hourly
Wed Jun 9 00:54:01 UTC 2021,daily00
Wed Jun 9 00:55:52 UTC 2021,hourly
Wed Jun 9 02:24:16 UTC 2021,hourly
Wed Jun 9 03:40:47 UTC 2021,hourly
Wed Jun 9 04:39:05 UTC 2021,hourly
Wed Jun 9 05:38:16 UTC 2021,hourly
Wed Jun 9 06:28:05 UTC 2021,hourly
Wed Jun 9 06:31:27 UTC 2021,daily06
Wed Jun 9 07:27:23 UTC 2021,hourly
Wed Jun 9 08:17:56 UTC 2021,hourly
Wed Jun 9 09:16:21 UTC 2021,hourly
Wed Jun 9 10:18:24 UTC 2021,hourly
Wed Jun 9 11:14:51 UTC 2021,hourly
Wed Jun 9 12:17:11 UTC 2021,daily12
Wed Jun 9 12:25:23 UTC 2021,hourly
Wed Jun 9 13:31:05 UTC 2021,hourly
Wed Jun 9 14:17:50 UTC 2021,hourly
Wed Jun 9 15:18:52 UTC 2021,hourly
Wed Jun 9 16:33:47 UTC 2021,hourly
Wed Jun 9 17:44:01 UTC 2021,hourly
Wed Jun 9 18:23:15 UTC 2021,daily18
Wed Jun 9 18:36:00 UTC 2021,hourly
Wed Jun 9 19:27:06 UTC 2021,hourly
Wed Jun 9 20:15:02 UTC 2021,hourly
Wed Jun 9 21:14:47 UTC 2021,hourly
Wed Jun 9 22:16:52 UTC 2021,hourly
Wed Jun 9 23:17:16 UTC 2021,hourly
Thu Jun 10 00:53:27 UTC 2021,daily00
Thu Jun 10 00:55:15 UTC 2021,hourly
Thu Jun 10 02:19:33 UTC 2021,hourly
Thu Jun 10 03:33:50 UTC 2021,hourly
Thu Jun 10 04:34:08 UTC 2021,hourly
Thu Jun 10 05:33:06 UTC 2021,hourly
Thu Jun 10 06:24:14 UTC 2021,hourly
Thu Jun 10 06:27:34 UTC 2021,daily06
Thu Jun 10 07:24:56 UTC 2021,hourly
Thu Jun 10 08:18:23 UTC 2021,hourly
Thu Jun 10 09:16:54 UTC 2021,hourly
Thu Jun 10 10:18:18 UTC 2021,hourly
Thu Jun 10 11:14:12 UTC 2021,hourly
Thu Jun 10 12:17:34 UTC 2021,daily12
Thu Jun 10 12:26:02 UTC 2021,hourly
Thu Jun 10 13:30:52 UTC 2021,hourly
Thu Jun 10 14:17:25 UTC 2021,hourly
Thu Jun 10 15:18:56 UTC 2021,hourly
Thu Jun 10 16:33:08 UTC 2021,hourly
Thu Jun 10 17:45:02 UTC 2021,hourly
Thu Jun 10 18:22:04 UTC 2021,daily18
Thu Jun 10 18:34:25 UTC 2021,hourly
Thu Jun 10 19:24:03 UTC 2021,hourly
Thu Jun 10 20:15:24 UTC 2021,hourly
Thu Jun 10 21:15:03 UTC 2021,hourly
Thu Jun 10 22:14:57 UTC 2021,hourly
Thu Jun 10 23:15:50 UTC 2021,hourly
Fri Jun 11 00:46:30 UTC 2021,daily00
Fri Jun 11 00:48:57 UTC 2021,hourly
Fri Jun 11 02:08:34 UTC 2021,hourly
Fri Jun 11 03:23:46 UTC 2021,hourly
Fri Jun 11 04:21:24 UTC 2021,hourly
Fri Jun 11 05:20:19 UTC 2021,hourly
Fri Jun 11 06:18:49 UTC 2021,hourly
Fri Jun 11 06:22:41 UTC 2021,daily06
Fri Jun 11 07:18:14 UTC 2021,hourly
Fri Jun 11 08:17:11 UTC 2021,hourly
Fri Jun 11 09:15:47 UTC 2021,hourly
Fri Jun 11 10:17:43 UTC 2021,hourly
Fri Jun 11 11:13:20 UTC 2021,hourly
Fri Jun 11 12:15:25 UTC 2021,daily12
Fri Jun 11 12:22:41 UTC 2021,hourly
Fri Jun 11 13:26:17 UTC 2021,hourly
Fri Jun 11 14:14:47 UTC 2021,hourly
Fri Jun 11 15:17:29 UTC 2021,hourly
Fri Jun 11 16:28:26 UTC 2021,hourly
Fri Jun 11 17:31:25 UTC 2021,hourly
Fri Jun 11 18:06:53 UTC 2021,daily18
Fri Jun 11 18:19:45 UTC 2021,hourly
Fri Jun 11 19:13:48 UTC 2021,hourly
Fri Jun 11 20:15:00 UTC 2021,hourly
Fri Jun 11 21:14:10 UTC 2021,hourly
Fri Jun 11 22:15:50 UTC 2021,hourly
Fri Jun 11 23:15:46 UTC 2021,hourly
Sat Jun 12 00:42:28 UTC 2021,daily00
Sat Jun 12 00:44:29 UTC 2021,hourly
Sat Jun 12 01:56:41 UTC 2021,hourly
Sat Jun 12 02:36:06 UTC 2021,hourly
Sat Jun 12 03:18:36 UTC 2021,hourly
Sat Jun 12 04:19:30 UTC 2021,hourly
Sat Jun 12 05:17:27 UTC 2021,hourly
Sat Jun 12 06:18:46 UTC 2021,hourly
Sat Jun 12 06:22:12 UTC 2021,daily06
Sat Jun 12 07:16:57 UTC 2021,hourly
Sat Jun 12 08:16:32 UTC 2021,hourly
Sat Jun 12 09:15:23 UTC 2021,hourly
Sat Jun 12 10:16:53 UTC 2021,hourly
Sat Jun 12 11:12:57 UTC 2021,hourly
Sat Jun 12 12:15:12 UTC 2021,daily12
Sat Jun 12 12:22:46 UTC 2021,hourly
Sat Jun 12 13:24:51 UTC 2021,hourly
Sat Jun 12 14:13:42 UTC 2021,hourly
Sat Jun 12 15:17:30 UTC 2021,hourly
Sat Jun 12 16:25:45 UTC 2021,hourly
Sat Jun 12 17:28:26 UTC 2021,hourly
Sat Jun 12 18:01:53 UTC 2021,daily18
Sat Jun 12 18:19:24 UTC 2021,hourly
Sat Jun 12 19:14:59 UTC 2021,hourly
Sat Jun 12 20:15:47 UTC 2021,hourly
Sat Jun 12 21:14:17 UTC 2021,hourly
Sat Jun 12 22:14:53 UTC 2021,hourly
Sat Jun 12 23:15:14 UTC 2021,hourly
Sun Jun 13 00:49:36 UTC 2021,daily00
Sun Jun 13 00:51:46 UTC 2021,hourly
Sun Jun 13 02:04:29 UTC 2021,hourly
Sun Jun 13 03:19:13 UTC 2021,hourly
Sun Jun 13 04:19:27 UTC 2021,hourly
Sun Jun 13 05:17:41 UTC 2021,hourly
Sun Jun 13 06:19:11 UTC 2021,hourly
Sun Jun 13 06:22:34 UTC 2021,daily06
Sun Jun 13 07:17:07 UTC 2021,hourly
Sun Jun 13 08:16:34 UTC 2021,hourly
Sun Jun 13 09:15:39 UTC 2021,hourly
Sun Jun 13 10:17:06 UTC 2021,hourly
Sun Jun 13 11:12:59 UTC 2021,hourly
Sun Jun 13 12:15:33 UTC 2021,daily12
Sun Jun 13 12:23:19 UTC 2021,hourly
Sun Jun 13 13:25:50 UTC 2021,hourly
Sun Jun 13 14:13:42 UTC 2021,hourly
Sun Jun 13 15:17:36 UTC 2021,hourly
Sun Jun 13 16:25:57 UTC 2021,hourly
Sun Jun 13 17:28:30 UTC 2021,hourly
Sun Jun 13 18:01:39 UTC 2021,daily18
Sun Jun 13 18:19:29 UTC 2021,hourly
Sun Jun 13 19:14:20 UTC 2021,hourly
Sun Jun 13 20:15:07 UTC 2021,hourly
Sun Jun 13 21:14:21 UTC 2021,hourly
Sun Jun 13 22:15:02 UTC 2021,hourly
Sun Jun 13 23:15:36 UTC 2021,hourly
Mon Jun 14 00:45:20 UTC 2021,daily00
Mon Jun 14 00:47:36 UTC 2021,hourly
Mon Jun 14 02:03:40 UTC 2021,hourly
Mon Jun 14 03:20:04 UTC 2021,hourly
Mon Jun 14 04:20:16 UTC 2021,hourly
Mon Jun 14 05:18:41 UTC 2021,hourly
Mon Jun 14 06:19:44 UTC 2021,hourly
Mon Jun 14 06:23:23 UTC 2021,daily06
Mon Jun 14 07:19:42 UTC 2021,hourly
Mon Jun 14 08:17:12 UTC 2021,hourly
Mon Jun 14 09:16:36 UTC 2021,hourly
Mon Jun 14 10:17:37 UTC 2021,hourly
Mon Jun 14 11:13:28 UTC 2021,hourly
Mon Jun 14 12:15:59 UTC 2021,daily12
Mon Jun 14 12:23:42 UTC 2021,hourly
Mon Jun 14 13:26:22 UTC 2021,hourly
Mon Jun 14 14:14:38 UTC 2021,hourly
Mon Jun 14 15:18:07 UTC 2021,hourly
Mon Jun 14 16:27:12 UTC 2021,hourly
Mon Jun 14 17:29:51 UTC 2021,hourly
Mon Jun 14 18:04:06 UTC 2021,daily18
Mon Jun 14 18:18:59 UTC 2021,hourly
Mon Jun 14 19:13:37 UTC 2021,hourly
Mon Jun 14 20:15:23 UTC 2021,hourly
Mon Jun 14 21:14:41 UTC 2021,hourly
Mon Jun 14 22:16:42 UTC 2021,hourly
Mon Jun 14 23:15:52 UTC 2021,hourly
Tue Jun 15 00:50:06 UTC 2021,daily00
Tue Jun 15 00:52:12 UTC 2021,hourly
Tue Jun 15 02:10:32 UTC 2021,hourly
Tue Jun 15 03:20:52 UTC 2021,hourly
Tue Jun 15 04:20:25 UTC 2021,hourly
Tue Jun 15 05:18:34 UTC 2021,hourly
Tue Jun 15 06:19:30 UTC 2021,hourly
Tue Jun 15 06:23:15 UTC 2021,daily06
Tue Jun 15 07:18:44 UTC 2021,hourly
Tue Jun 15 08:17:49 UTC 2021,hourly
Tue Jun 15 09:16:20 UTC 2021,hourly
Tue Jun 15 10:17:27 UTC 2021,hourly
Tue Jun 15 11:13:16 UTC 2021,hourly
Tue Jun 15 12:18:41 UTC 2021,daily12
Tue Jun 15 12:23:39 UTC 2021,hourly
Tue Jun 15 13:26:08 UTC 2021,hourly
Tue Jun 15 14:14:29 UTC 2021,hourly
Tue Jun 15 15:17:57 UTC 2021,hourly
Tue Jun 15 16:28:54 UTC 2021,hourly
Tue Jun 15 17:33:38 UTC 2021,hourly
Tue Jun 15 18:08:37 UTC 2021,daily18
Tue Jun 15 18:20:55 UTC 2021,hourly
Tue Jun 15 19:14:50 UTC 2021,hourly
Tue Jun 15 20:15:25 UTC 2021,hourly
Tue Jun 15 21:14:25 UTC 2021,hourly
Tue Jun 15 22:15:38 UTC 2021,hourly
Tue Jun 15 23:15:47 UTC 2021,hourly
Wed Jun 16 00:47:35 UTC 2021,daily00
Wed Jun 16 00:50:09 UTC 2021,hourly
Wed Jun 16 02:05:10 UTC 2021,hourly
Wed Jun 16 03:19:44 UTC 2021,hourly
Wed Jun 16 04:20:07 UTC 2021,hourly
Wed Jun 16 05:18:29 UTC 2021,hourly
Wed Jun 16 06:19:55 UTC 2021,hourly
Wed Jun 16 06:23:27 UTC 2021,daily06
Wed Jun 16 07:19:02 UTC 2021,hourly
Wed Jun 16 08:17:09 UTC 2021,hourly
Wed Jun 16 09:16:21 UTC 2021,hourly
Wed Jun 16 10:17:42 UTC 2021,hourly
Wed Jun 16 11:13:11 UTC 2021,hourly
Wed Jun 16 12:16:27 UTC 2021,daily12
Wed Jun 16 12:24:03 UTC 2021,hourly
Wed Jun 16 13:27:08 UTC 2021,hourly
Wed Jun 16 14:14:34 UTC 2021,hourly
Wed Jun 16 15:18:02 UTC 2021,hourly
Wed Jun 16 16:27:11 UTC 2021,hourly
Wed Jun 16 17:32:02 UTC 2021,hourly
Wed Jun 16 18:06:10 UTC 2021,daily18
Wed Jun 16 18:19:56 UTC 2021,hourly
Wed Jun 16 19:14:56 UTC 2021,hourly
Wed Jun 16 20:15:35 UTC 2021,hourly
Wed Jun 16 21:14:35 UTC 2021,hourly
Wed Jun 16 22:15:23 UTC 2021,hourly
Wed Jun 16 23:15:50 UTC 2021,hourly
Thu Jun 17 00:45:52 UTC 2021,daily00
Thu Jun 17 00:47:50 UTC 2021,hourly
Thu Jun 17 02:00:30 UTC 2021,hourly
Thu Jun 17 03:18:44 UTC 2021,hourly
Thu Jun 17 04:19:59 UTC 2021,hourly
Thu Jun 17 05:18:23 UTC 2021,hourly
Thu Jun 17 06:19:53 UTC 2021,hourly
Thu Jun 17 06:23:44 UTC 2021,daily06
Thu Jun 17 07:19:26 UTC 2021,hourly
Thu Jun 17 08:17:25 UTC 2021,hourly
Thu Jun 17 09:17:17 UTC 2021,hourly
Thu Jun 17 10:17:37 UTC 2021,hourly
Thu Jun 17 11:12:06 UTC 2021,hourly
Thu Jun 17 12:16:21 UTC 2021,daily12
Thu Jun 17 12:24:04 UTC 2021,hourly
Thu Jun 17 13:26:28 UTC 2021,hourly
Thu Jun 17 14:14:37 UTC 2021,hourly
Thu Jun 17 15:18:38 UTC 2021,hourly
Thu Jun 17 16:27:54 UTC 2021,hourly
Thu Jun 17 17:31:58 UTC 2021,hourly
Thu Jun 17 18:06:12 UTC 2021,daily18
Thu Jun 17 18:19:55 UTC 2021,hourly
Thu Jun 17 19:14:40 UTC 2021,hourly
Thu Jun 17 20:15:44 UTC 2021,hourly
Thu Jun 17 21:14:35 UTC 2021,hourly
Thu Jun 17 22:15:39 UTC 2021,hourly
Thu Jun 17 23:16:02 UTC 2021,hourly
Fri Jun 18 00:47:22 UTC 2021,daily00
Fri Jun 18 00:49:30 UTC 2021,hourly
Fri Jun 18 02:08:31 UTC 2021,hourly
Fri Jun 18 03:19:38 UTC 2021,hourly
Fri Jun 18 04:19:41 UTC 2021,hourly
Fri Jun 18 05:17:57 UTC 2021,hourly
Fri Jun 18 06:19:36 UTC 2021,hourly
Fri Jun 18 06:23:21 UTC 2021,daily06
Fri Jun 18 07:18:49 UTC 2021,hourly
Fri Jun 18 08:17:34 UTC 2021,hourly
Fri Jun 18 09:16:09 UTC 2021,hourly
Fri Jun 18 10:17:37 UTC 2021,hourly
Fri Jun 18 11:13:21 UTC 2021,hourly
Fri Jun 18 12:15:56 UTC 2021,daily12
Fri Jun 18 12:23:30 UTC 2021,hourly
Fri Jun 18 13:26:33 UTC 2021,hourly
Fri Jun 18 14:14:25 UTC 2021,hourly
Fri Jun 18 15:18:18 UTC 2021,hourly
Fri Jun 18 16:26:29 UTC 2021,hourly
Fri Jun 18 17:30:27 UTC 2021,hourly
Fri Jun 18 18:03:40 UTC 2021,daily18
Fri Jun 18 18:18:38 UTC 2021,hourly
Fri Jun 18 19:13:26 UTC 2021,hourly
Fri Jun 18 20:15:42 UTC 2021,hourly
Fri Jun 18 21:14:50 UTC 2021,hourly
Fri Jun 18 22:15:21 UTC 2021,hourly
Fri Jun 18 23:15:41 UTC 2021,hourly
Sat Jun 19 00:47:48 UTC 2021,daily00
Sat Jun 19 00:50:05 UTC 2021,hourly
Sat Jun 19 02:07:10 UTC 2021,hourly
Sat Jun 19 03:18:41 UTC 2021,hourly
Sat Jun 19 04:19:46 UTC 2021,hourly
Sat Jun 19 05:17:31 UTC 2021,hourly
Sat Jun 19 06:19:34 UTC 2021,hourly
Sat Jun 19 06:23:21 UTC 2021,daily06
Sat Jun 19 07:17:35 UTC 2021,hourly
Sat Jun 19 08:16:41 UTC 2021,hourly
Sat Jun 19 09:15:55 UTC 2021,hourly
Sat Jun 19 10:17:12 UTC 2021,hourly
Sat Jun 19 11:12:58 UTC 2021,hourly
Sat Jun 19 12:15:15 UTC 2021,daily12
Sat Jun 19 12:22:51 UTC 2021,hourly
Sat Jun 19 13:24:51 UTC 2021,hourly
Sat Jun 19 14:13:29 UTC 2021,hourly
Sat Jun 19 15:17:04 UTC 2021,hourly
Sat Jun 19 16:24:30 UTC 2021,hourly
Sat Jun 19 17:27:01 UTC 2021,hourly
Sat Jun 19 18:01:54 UTC 2021,daily18
Sat Jun 19 18:17:55 UTC 2021,hourly
Sat Jun 19 19:11:44 UTC 2021,hourly
Sat Jun 19 20:15:07 UTC 2021,hourly
Sat Jun 19 21:14:28 UTC 2021,hourly
Sat Jun 19 22:14:47 UTC 2021,hourly
Sat Jun 19 23:15:32 UTC 2021,hourly
Sun Jun 20 00:49:42 UTC 2021,daily00
Sun Jun 20 00:51:54 UTC 2021,hourly
Sun Jun 20 02:10:06 UTC 2021,hourly
Sun Jun 20 03:18:56 UTC 2021,hourly
Sun Jun 20 04:19:50 UTC 2021,hourly
Sun Jun 20 05:16:58 UTC 2021,hourly
Sun Jun 20 06:19:10 UTC 2021,hourly
Sun Jun 20 06:22:55 UTC 2021,daily06
Sun Jun 20 07:17:09 UTC 2021,hourly
Sun Jun 20 08:16:29 UTC 2021,hourly
Sun Jun 20 09:15:55 UTC 2021,hourly
Sun Jun 20 10:17:05 UTC 2021,hourly
Sun Jun 20 11:12:55 UTC 2021,hourly
Sun Jun 20 12:15:32 UTC 2021,daily12
Sun Jun 20 12:23:08 UTC 2021,hourly
Sun Jun 20 13:24:49 UTC 2021,hourly
Sun Jun 20 14:13:34 UTC 2021,hourly
Sun Jun 20 15:17:24 UTC 2021,hourly
Sun Jun 20 16:24:26 UTC 2021,hourly
Sun Jun 20 17:27:05 UTC 2021,hourly
Sun Jun 20 18:01:43 UTC 2021,daily18
Sun Jun 20 18:17:45 UTC 2021,hourly
Sun Jun 20 19:11:46 UTC 2021,hourly
Sun Jun 20 20:15:00 UTC 2021,hourly
Sun Jun 20 21:14:21 UTC 2021,hourly
Sun Jun 20 22:14:39 UTC 2021,hourly
Sun Jun 20 23:15:21 UTC 2021,hourly
Mon Jun 21 00:50:57 UTC 2021,daily00
Mon Jun 21 00:52:18 UTC 2021,hourly
Mon Jun 21 02:09:36 UTC 2021,hourly
Mon Jun 21 03:18:52 UTC 2021,hourly
Mon Jun 21 04:19:57 UTC 2021,hourly
Mon Jun 21 05:17:17 UTC 2021,hourly
Mon Jun 21 06:19:57 UTC 2021,hourly
Mon Jun 21 06:23:53 UTC 2021,daily06
Mon Jun 21 07:35:49 UTC 2021,hourly
Mon Jun 21 08:23:42 UTC 2021,hourly
Mon Jun 21 09:16:27 UTC 2021,hourly
Mon Jun 21 10:17:30 UTC 2021,hourly
Mon Jun 21 11:13:16 UTC 2021,hourly
Mon Jun 21 12:16:38 UTC 2021,daily12
Mon Jun 21 12:24:14 UTC 2021,hourly
Mon Jun 21 13:26:03 UTC 2021,hourly
Mon Jun 21 14:14:13 UTC 2021,hourly
Mon Jun 21 15:17:47 UTC 2021,hourly
Mon Jun 21 16:26:05 UTC 2021,hourly
Mon Jun 21 17:28:48 UTC 2021,hourly
Mon Jun 21 18:01:49 UTC 2021,daily18
Mon Jun 21 18:18:33 UTC 2021,hourly
Mon Jun 21 19:12:57 UTC 2021,hourly
Mon Jun 21 20:15:22 UTC 2021,hourly
Mon Jun 21 21:14:36 UTC 2021,hourly
Mon Jun 21 22:15:19 UTC 2021,hourly
Mon Jun 21 23:15:55 UTC 2021,hourly
Tue Jun 22 00:44:15 UTC 2021,daily00
Tue Jun 22 00:46:12 UTC 2021,hourly
Tue Jun 22 01:59:05 UTC 2021,hourly
Tue Jun 22 02:38:10 UTC 2021,hourly
Tue Jun 22 03:16:44 UTC 2021,hourly
Tue Jun 22 04:20:12 UTC 2021,hourly
Tue Jun 22 05:17:09 UTC 2021,hourly
Tue Jun 22 06:19:37 UTC 2021,hourly
Tue Jun 22 06:23:11 UTC 2021,daily06
Tue Jun 22 07:17:53 UTC 2021,hourly
Tue Jun 22 08:17:18 UTC 2021,hourly
Tue Jun 22 09:16:11 UTC 2021,hourly
Tue Jun 22 10:17:35 UTC 2021,hourly
Tue Jun 22 11:13:08 UTC 2021,hourly
Tue Jun 22 12:16:08 UTC 2021,daily12
Tue Jun 22 12:24:08 UTC 2021,hourly
Tue Jun 22 13:25:31 UTC 2021,hourly
Tue Jun 22 14:14:47 UTC 2021,hourly
Tue Jun 22 15:18:06 UTC 2021,hourly
Tue Jun 22 16:25:54 UTC 2021,hourly
Tue Jun 22 17:28:27 UTC 2021,hourly
Tue Jun 22 18:01:39 UTC 2021,daily18
Tue Jun 22 18:18:08 UTC 2021,hourly
Tue Jun 22 19:12:40 UTC 2021,hourly
Tue Jun 22 20:15:35 UTC 2021,hourly
Tue Jun 22 21:14:17 UTC 2021,hourly
Tue Jun 22 22:15:44 UTC 2021,hourly
Tue Jun 22 23:14:34 UTC 2021,hourly
Wed Jun 23 00:42:15 UTC 2021,daily00
Wed Jun 23 00:43:36 UTC 2021,hourly
Wed Jun 23 01:50:28 UTC 2021,hourly
Wed Jun 23 02:26:01 UTC 2021,hourly
Wed Jun 23 03:15:44 UTC 2021,hourly
Wed Jun 23 04:18:23 UTC 2021,hourly
Wed Jun 23 05:12:23 UTC 2021,hourly
Wed Jun 23 06:18:20 UTC 2021,hourly
Wed Jun 23 06:21:51 UTC 2021,daily06
Wed Jun 23 07:12:55 UTC 2021,hourly
Wed Jun 23 08:16:03 UTC 2021,hourly
Wed Jun 23 09:14:43 UTC 2021,hourly
Wed Jun 23 10:18:17 UTC 2021,hourly
Wed Jun 23 11:13:11 UTC 2021,hourly
Wed Jun 23 12:12:53 UTC 2021,daily12
Wed Jun 23 12:18:42 UTC 2021,hourly
Wed Jun 23 13:17:31 UTC 2021,hourly
Wed Jun 23 14:13:10 UTC 2021,hourly
Wed Jun 23 15:16:42 UTC 2021,hourly
Wed Jun 23 16:20:09 UTC 2021,hourly
Wed Jun 23 17:18:43 UTC 2021,hourly
Wed Jun 23 18:01:52 UTC 2021,daily18
Wed Jun 23 18:17:30 UTC 2021,hourly
Wed Jun 23 19:11:09 UTC 2021,hourly
Wed Jun 23 20:14:12 UTC 2021,hourly
Wed Jun 23 21:13:29 UTC 2021,hourly
Wed Jun 23 22:14:00 UTC 2021,hourly
Wed Jun 23 23:14:23 UTC 2021,hourly
Thu Jun 24 00:37:03 UTC 2021,daily00
Thu Jun 24 00:59:18 UTC 2021,hourly
Thu Jun 24 01:54:30 UTC 2021,hourly
Thu Jun 24 02:25:18 UTC 2021,hourly
Thu Jun 24 03:18:15 UTC 2021,hourly
Thu Jun 24 04:21:12 UTC 2021,hourly
Thu Jun 24 05:13:36 UTC 2021,hourly
Thu Jun 24 06:13:12 UTC 2021,daily06
Thu Jun 24 06:20:10 UTC 2021,hourly
Thu Jun 24 07:14:07 UTC 2021,hourly
Thu Jun 24 08:17:40 UTC 2021,hourly
Thu Jun 24 09:16:29 UTC 2021,hourly
Thu Jun 24 10:17:42 UTC 2021,hourly
Thu Jun 24 11:12:41 UTC 2021,hourly
Thu Jun 24 12:09:50 UTC 2021,daily12
Thu Jun 24 12:24:36 UTC 2021,hourly
Thu Jun 24 13:21:50 UTC 2021,hourly
Thu Jun 24 14:14:04 UTC 2021,hourly
Thu Jun 24 15:18:25 UTC 2021,hourly
Thu Jun 24 16:25:20 UTC 2021,hourly
Thu Jun 24 17:21:42 UTC 2021,hourly
Thu Jun 24 18:01:11 UTC 2021,daily18
Thu Jun 24 18:19:34 UTC 2021,hourly
Thu Jun 24 19:12:16 UTC 2021,hourly
Thu Jun 24 20:13:12 UTC 2021,hourly
Thu Jun 24 21:15:02 UTC 2021,hourly
Thu Jun 24 22:15:32 UTC 2021,hourly
Thu Jun 24 23:15:41 UTC 2021,hourly
Fri Jun 25 00:51:54 UTC 2021,daily00
Fri Jun 25 00:54:15 UTC 2021,hourly
Fri Jun 25 02:02:43 UTC 2021,hourly
Fri Jun 25 03:17:45 UTC 2021,hourly
Fri Jun 25 04:19:51 UTC 2021,hourly
Fri Jun 25 05:13:18 UTC 2021,hourly
Fri Jun 25 06:20:09 UTC 2021,hourly
Fri Jun 25 06:23:55 UTC 2021,daily06
Fri Jun 25 07:12:06 UTC 2021,hourly
Fri Jun 25 08:17:10 UTC 2021,hourly
Fri Jun 25 09:16:38 UTC 2021,hourly
Fri Jun 25 10:17:25 UTC 2021,hourly
Fri Jun 25 11:12:39 UTC 2021,hourly
Fri Jun 25 12:16:15 UTC 2021,daily12
Fri Jun 25 12:23:57 UTC 2021,hourly
Fri Jun 25 13:21:42 UTC 2021,hourly
Fri Jun 25 14:15:11 UTC 2021,hourly
Fri Jun 25 15:18:16 UTC 2021,hourly
Fri Jun 25 16:24:21 UTC 2021,hourly
Fri Jun 25 17:22:16 UTC 2021,hourly
Fri Jun 25 18:02:03 UTC 2021,daily18
Fri Jun 25 18:18:49 UTC 2021,hourly
Fri Jun 25 19:12:20 UTC 2021,hourly
Fri Jun 25 20:15:26 UTC 2021,hourly
Fri Jun 25 21:14:39 UTC 2021,hourly
Fri Jun 25 22:15:15 UTC 2021,hourly
Fri Jun 25 23:15:37 UTC 2021,hourly
Sat Jun 26 00:45:52 UTC 2021,daily00
Sat Jun 26 00:48:05 UTC 2021,hourly
Sat Jun 26 01:54:01 UTC 2021,hourly
Sat Jun 26 02:26:53 UTC 2021,hourly
Sat Jun 26 03:18:03 UTC 2021,hourly
Sat Jun 26 04:19:47 UTC 2021,hourly
Sat Jun 26 05:13:01 UTC 2021,hourly
Sat Jun 26 06:19:24 UTC 2021,hourly
Sat Jun 26 06:23:16 UTC 2021,daily06
Sat Jun 26 07:13:41 UTC 2021,hourly
Sat Jun 26 08:16:29 UTC 2021,hourly
Sat Jun 26 09:16:25 UTC 2021,hourly
Sat Jun 26 10:16:37 UTC 2021,hourly
Sat Jun 26 11:12:20 UTC 2021,hourly
Sat Jun 26 12:15:34 UTC 2021,daily12
Sat Jun 26 12:23:09 UTC 2021,hourly
Sat Jun 26 13:19:35 UTC 2021,hourly
Sat Jun 26 14:13:13 UTC 2021,hourly
Sat Jun 26 15:17:28 UTC 2021,hourly
Sat Jun 26 16:23:20 UTC 2021,hourly
Sat Jun 26 17:20:02 UTC 2021,hourly
Sat Jun 26 18:01:43 UTC 2021,daily18
Sat Jun 26 18:18:33 UTC 2021,hourly
Sat Jun 26 19:11:44 UTC 2021,hourly
Sat Jun 26 20:14:47 UTC 2021,hourly
Sat Jun 26 21:14:42 UTC 2021,hourly
Sat Jun 26 22:14:52 UTC 2021,hourly
Sat Jun 26 23:15:10 UTC 2021,hourly
Sun Jun 27 00:53:27 UTC 2021,daily00
Sun Jun 27 00:55:34 UTC 2021,hourly
Sun Jun 27 02:04:22 UTC 2021,hourly
Sun Jun 27 03:17:43 UTC 2021,hourly
Sun Jun 27 04:19:34 UTC 2021,hourly
Sun Jun 27 05:13:05 UTC 2021,hourly
Sun Jun 27 06:23:22 UTC 2021,daily06
Sun Jun 27 07:13:32 UTC 2021,hourly
Sun Jun 27 08:16:35 UTC 2021,hourly
Sun Jun 27 09:16:21 UTC 2021,hourly
Sun Jun 27 10:16:41 UTC 2021,hourly
Sun Jun 27 11:12:12 UTC 2021,hourly
Sun Jun 27 12:16:10 UTC 2021,daily12
Sun Jun 27 12:23:34 UTC 2021,hourly
Sun Jun 27 13:19:49 UTC 2021,hourly
Sun Jun 27 14:13:28 UTC 2021,hourly
Sun Jun 27 15:17:36 UTC 2021,hourly
Sun Jun 27 16:23:06 UTC 2021,hourly
Sun Jun 27 17:19:55 UTC 2021,hourly
Sun Jun 27 18:01:32 UTC 2021,daily18
Sun Jun 27 18:18:30 UTC 2021,hourly
Sun Jun 27 19:11:44 UTC 2021,hourly
Sun Jun 27 20:14:50 UTC 2021,hourly
Sun Jun 27 21:14:39 UTC 2021,hourly
Sun Jun 27 22:14:40 UTC 2021,hourly
Sun Jun 27 23:17:15 UTC 2021,hourly
Mon Jun 28 00:49:45 UTC 2021,daily00
Mon Jun 28 00:51:27 UTC 2021,hourly
Mon Jun 28 01:59:48 UTC 2021,hourly
Mon Jun 28 02:36:30 UTC 2021,hourly
Mon Jun 28 03:18:03 UTC 2021,hourly
Mon Jun 28 04:20:05 UTC 2021,hourly
Mon Jun 28 05:13:18 UTC 2021,hourly
Mon Jun 28 06:20:15 UTC 2021,hourly
Mon Jun 28 06:24:05 UTC 2021,daily06
Mon Jun 28 07:13:47 UTC 2021,hourly
Mon Jun 28 08:17:29 UTC 2021,hourly
Mon Jun 28 09:17:07 UTC 2021,hourly
Mon Jun 28 10:17:12 UTC 2021,hourly
Mon Jun 28 11:12:22 UTC 2021,hourly
Mon Jun 28 12:16:49 UTC 2021,daily12
Mon Jun 28 12:24:30 UTC 2021,hourly
Mon Jun 28 13:22:04 UTC 2021,hourly
Mon Jun 28 14:13:56 UTC 2021,hourly
Mon Jun 28 15:18:12 UTC 2021,hourly
Mon Jun 28 16:30:16 UTC 2021,hourly
Mon Jun 28 17:46:59 UTC 2021,hourly
Mon Jun 28 18:15:13 UTC 2021,daily18
Mon Jun 28 18:27:29 UTC 2021,hourly
Mon Jun 28 19:13:19 UTC 2021,hourly
Mon Jun 28 20:15:10 UTC 2021,hourly
Mon Jun 28 21:14:55 UTC 2021,hourly
Mon Jun 28 22:15:24 UTC 2021,hourly
Mon Jun 28 23:15:27 UTC 2021,hourly
Tue Jun 29 00:45:52 UTC 2021,daily00
Tue Jun 29 00:47:50 UTC 2021,hourly
Tue Jun 29 01:56:50 UTC 2021,hourly
Tue Jun 29 02:30:59 UTC 2021,hourly
Tue Jun 29 03:18:15 UTC 2021,hourly
Tue Jun 29 04:19:50 UTC 2021,hourly
Tue Jun 29 05:13:18 UTC 2021,hourly
Tue Jun 29 06:20:04 UTC 2021,hourly
Tue Jun 29 06:23:59 UTC 2021,daily06
Tue Jun 29 07:13:37 UTC 2021,hourly
Tue Jun 29 08:17:22 UTC 2021,hourly
Tue Jun 29 09:17:02 UTC 2021,hourly
Tue Jun 29 10:17:03 UTC 2021,hourly
Tue Jun 29 11:12:31 UTC 2021,hourly
Tue Jun 29 12:16:44 UTC 2021,daily12
Tue Jun 29 12:24:23 UTC 2021,hourly
Tue Jun 29 13:21:35 UTC 2021,hourly
Tue Jun 29 14:14:04 UTC 2021,hourly
Tue Jun 29 15:15:59 UTC 2021,hourly
Tue Jun 29 16:24:22 UTC 2021,hourly
Tue Jun 29 17:22:15 UTC 2021,hourly
Tue Jun 29 18:02:05 UTC 2021,daily18
Tue Jun 29 18:18:56 UTC 2021,hourly
Tue Jun 29 19:12:09 UTC 2021,hourly
Tue Jun 29 20:15:13 UTC 2021,hourly
Tue Jun 29 21:14:58 UTC 2021,hourly
Tue Jun 29 22:15:19 UTC 2021,hourly
Tue Jun 29 23:15:33 UTC 2021,hourly
Wed Jun 30 00:50:57 UTC 2021,daily00
Wed Jun 30 00:52:41 UTC 2021,hourly
Wed Jun 30 02:02:39 UTC 2021,hourly
Wed Jun 30 03:17:51 UTC 2021,hourly
Wed Jun 30 04:20:02 UTC 2021,hourly
Wed Jun 30 05:13:16 UTC 2021,hourly
Wed Jun 30 06:20:31 UTC 2021,hourly
Wed Jun 30 06:23:37 UTC 2021,daily06
Wed Jun 30 07:14:02 UTC 2021,hourly
Wed Jun 30 08:17:17 UTC 2021,hourly
Wed Jun 30 09:17:28 UTC 2021,hourly
Wed Jun 30 10:17:17 UTC 2021,hourly
Wed Jun 30 11:13:03 UTC 2021,hourly
Wed Jun 30 12:16:43 UTC 2021,daily12
Wed Jun 30 12:24:29 UTC 2021,hourly
Wed Jun 30 13:21:40 UTC 2021,hourly
Wed Jun 30 14:14:11 UTC 2021,hourly
Wed Jun 30 15:18:07 UTC 2021,hourly
Wed Jun 30 16:24:26 UTC 2021,hourly
Wed Jun 30 17:23:35 UTC 2021,hourly
Wed Jun 30 18:01:57 UTC 2021,daily18
Wed Jun 30 18:19:30 UTC 2021,hourly
Wed Jun 30 19:12:08 UTC 2021,hourly
Wed Jun 30 20:15:16 UTC 2021,hourly
Wed Jun 30 21:14:52 UTC 2021,hourly
Wed Jun 30 22:15:14 UTC 2021,hourly
Wed Jun 30 23:14:46 UTC 2021,hourly
Thu Jul 1 00:50:57 UTC 2021,daily00
Thu Jul 1 00:52:44 UTC 2021,hourly
Thu Jul 1 02:01:31 UTC 2021,hourly
Thu Jul 1 03:17:49 UTC 2021,hourly
Thu Jul 1 04:19:56 UTC 2021,hourly
Thu Jul 1 05:13:25 UTC 2021,hourly
Thu Jul 1 06:20:24 UTC 2021,hourly
Thu Jul 1 06:25:38 UTC 2021,daily06
Thu Jul 1 07:14:04 UTC 2021,hourly
Thu Jul 1 08:17:19 UTC 2021,hourly
Thu Jul 1 09:16:49 UTC 2021,hourly
Thu Jul 1 10:17:12 UTC 2021,hourly
Thu Jul 1 11:12:39 UTC 2021,hourly
Thu Jul 1 12:17:31 UTC 2021,daily12
Thu Jul 1 12:25:03 UTC 2021,hourly
Thu Jul 1 13:20:27 UTC 2021,hourly
Thu Jul 1 14:13:43 UTC 2021,hourly
Thu Jul 1 15:18:12 UTC 2021,hourly
Thu Jul 1 16:24:26 UTC 2021,hourly
Thu Jul 1 17:23:17 UTC 2021,hourly
Thu Jul 1 18:02:20 UTC 2021,daily18
Thu Jul 1 18:19:43 UTC 2021,hourly
Thu Jul 1 19:14:28 UTC 2021,hourly
Thu Jul 1 20:17:58 UTC 2021,hourly
Thu Jul 1 21:15:01 UTC 2021,hourly
Thu Jul 1 22:15:07 UTC 2021,hourly
Thu Jul 1 23:16:03 UTC 2021,hourly
Fri Jul 2 00:46:51 UTC 2021,daily00
Fri Jul 2 00:49:01 UTC 2021,hourly
Fri Jul 2 01:59:39 UTC 2021,hourly
Fri Jul 2 02:32:11 UTC 2021,hourly
Fri Jul 2 03:17:37 UTC 2021,hourly
Fri Jul 2 04:19:49 UTC 2021,hourly
Fri Jul 2 05:13:14 UTC 2021,hourly
Fri Jul 2 06:16:25 UTC 2021,hourly
Fri Jul 2 06:19:18 UTC 2021,daily06
Fri Jul 2 07:15:40 UTC 2021,hourly
Fri Jul 2 08:17:30 UTC 2021,hourly
Fri Jul 2 09:16:39 UTC 2021,hourly
Fri Jul 2 10:16:42 UTC 2021,hourly
Fri Jul 2 11:12:29 UTC 2021,hourly
Fri Jul 2 12:16:55 UTC 2021,daily12
Fri Jul 2 12:24:19 UTC 2021,hourly
Fri Jul 2 13:19:52 UTC 2021,hourly
Fri Jul 2 14:13:10 UTC 2021,hourly
Fri Jul 2 15:18:26 UTC 2021,hourly
Fri Jul 2 16:26:09 UTC 2021,hourly
Fri Jul 2 17:22:14 UTC 2021,hourly
Fri Jul 2 18:02:03 UTC 2021,daily18
Fri Jul 2 18:16:20 UTC 2021,hourly
Fri Jul 2 19:14:03 UTC 2021,hourly
Fri Jul 2 20:16:12 UTC 2021,hourly
Fri Jul 2 21:14:24 UTC 2021,hourly
Fri Jul 2 22:19:09 UTC 2021,hourly
Fri Jul 2 23:14:55 UTC 2021,hourly
Sat Jul 3 00:46:52 UTC 2021,daily00
Sat Jul 3 00:48:50 UTC 2021,hourly
Sat Jul 3 01:53:04 UTC 2021,hourly
Sat Jul 3 02:22:47 UTC 2021,hourly
Sat Jul 3 03:17:12 UTC 2021,hourly
Sat Jul 3 04:19:29 UTC 2021,hourly
Sat Jul 3 05:12:58 UTC 2021,hourly
Sat Jul 3 06:19:04 UTC 2021,hourly
Sat Jul 3 06:22:33 UTC 2021,daily06
Sat Jul 3 07:13:40 UTC 2021,hourly
Sat Jul 3 08:16:39 UTC 2021,hourly
Sat Jul 3 09:16:00 UTC 2021,hourly
Sat Jul 3 10:16:16 UTC 2021,hourly
Sat Jul 3 11:12:10 UTC 2021,hourly
Sat Jul 3 12:15:52 UTC 2021,daily12
Sat Jul 3 12:23:07 UTC 2021,hourly
Sat Jul 3 13:17:49 UTC 2021,hourly
Sat Jul 3 14:13:04 UTC 2021,hourly
Sat Jul 3 15:17:26 UTC 2021,hourly
Sat Jul 3 16:23:04 UTC 2021,hourly
Sat Jul 3 17:19:04 UTC 2021,hourly
Sat Jul 3 18:01:52 UTC 2021,daily18
Sat Jul 3 18:18:13 UTC 2021,hourly
Sat Jul 3 19:11:33 UTC 2021,hourly
Sat Jul 3 20:14:49 UTC 2021,hourly
Sat Jul 3 21:14:16 UTC 2021,hourly
Sat Jul 3 22:14:36 UTC 2021,hourly
Sat Jul 3 23:15:38 UTC 2021,hourly
Sun Jul 4 00:48:59 UTC 2021,daily00
Sun Jul 4 00:50:52 UTC 2021,hourly
Sun Jul 4 01:56:43 UTC 2021,hourly
Sun Jul 4 02:27:11 UTC 2021,hourly
Sun Jul 4 03:17:13 UTC 2021,hourly
Sun Jul 4 04:19:44 UTC 2021,hourly
Sun Jul 4 05:12:51 UTC 2021,hourly
Sun Jul 4 06:19:05 UTC 2021,hourly
Sun Jul 4 06:22:48 UTC 2021,daily06
Sun Jul 4 07:13:52 UTC 2021,hourly
Sun Jul 4 08:16:20 UTC 2021,hourly
Sun Jul 4 09:15:58 UTC 2021,hourly
Sun Jul 4 10:16:33 UTC 2021,hourly
Sun Jul 4 11:12:03 UTC 2021,hourly
Sun Jul 4 12:15:49 UTC 2021,daily12
Sun Jul 4 12:23:10 UTC 2021,hourly
Sun Jul 4 13:18:00 UTC 2021,hourly
Sun Jul 4 14:13:14 UTC 2021,hourly
Sun Jul 4 15:17:28 UTC 2021,hourly
Sun Jul 4 16:22:46 UTC 2021,hourly
Sun Jul 4 17:18:55 UTC 2021,hourly
Sun Jul 4 18:01:48 UTC 2021,daily18
Sun Jul 4 18:18:14 UTC 2021,hourly
Sun Jul 4 19:11:38 UTC 2021,hourly
Sun Jul 4 20:14:40 UTC 2021,hourly
Sun Jul 4 21:13:59 UTC 2021,hourly
Sun Jul 4 22:14:39 UTC 2021,hourly
Sun Jul 4 23:14:47 UTC 2021,hourly
Mon Jul 5 00:44:53 UTC 2021,daily00
Mon Jul 5 00:46:57 UTC 2021,hourly
Mon Jul 5 01:56:53 UTC 2021,hourly
Mon Jul 5 02:27:38 UTC 2021,hourly
Mon Jul 5 03:17:38 UTC 2021,hourly
Mon Jul 5 04:19:48 UTC 2021,hourly
Mon Jul 5 05:13:20 UTC 2021,hourly
Mon Jul 5 06:19:35 UTC 2021,hourly
Mon Jul 5 06:23:25 UTC 2021,daily06
Mon Jul 5 07:13:59 UTC 2021,hourly
Mon Jul 5 08:17:54 UTC 2021,hourly
Mon Jul 5 09:17:25 UTC 2021,hourly
Mon Jul 5 10:16:58 UTC 2021,hourly
Mon Jul 5 11:12:17 UTC 2021,hourly
Mon Jul 5 12:16:45 UTC 2021,daily12
Mon Jul 5 12:24:19 UTC 2021,hourly
Mon Jul 5 13:19:59 UTC 2021,hourly
Mon Jul 5 14:13:46 UTC 2021,hourly
Mon Jul 5 15:17:52 UTC 2021,hourly
Mon Jul 5 16:24:04 UTC 2021,hourly
Mon Jul 5 17:20:31 UTC 2021,hourly
Mon Jul 5 18:01:39 UTC 2021,daily18
Mon Jul 5 18:18:49 UTC 2021,hourly
Mon Jul 5 19:11:53 UTC 2021,hourly
Mon Jul 5 20:15:02 UTC 2021,hourly
Mon Jul 5 21:14:38 UTC 2021,hourly
Mon Jul 5 22:15:00 UTC 2021,hourly
Mon Jul 5 23:15:06 UTC 2021,hourly
Tue Jul 6 00:50:14 UTC 2021,daily00
Tue Jul 6 00:52:32 UTC 2021,hourly
Tue Jul 6 01:59:47 UTC 2021,hourly
Tue Jul 6 02:32:04 UTC 2021,hourly
Tue Jul 6 03:17:42 UTC 2021,hourly
Tue Jul 6 04:19:30 UTC 2021,hourly
Tue Jul 6 05:13:15 UTC 2021,hourly
Tue Jul 6 06:19:41 UTC 2021,hourly
Tue Jul 6 06:23:26 UTC 2021,daily06
Tue Jul 6 07:13:52 UTC 2021,hourly
Tue Jul 6 08:17:18 UTC 2021,hourly
Tue Jul 6 09:16:09 UTC 2021,hourly
Tue Jul 6 10:16:52 UTC 2021,hourly
Tue Jul 6 11:12:21 UTC 2021,hourly
Tue Jul 6 12:16:30 UTC 2021,daily12
Tue Jul 6 12:24:03 UTC 2021,hourly
Tue Jul 6 13:20:05 UTC 2021,hourly
Tue Jul 6 14:13:41 UTC 2021,hourly
Tue Jul 6 15:17:41 UTC 2021,hourly
Tue Jul 6 16:23:53 UTC 2021,hourly
Tue Jul 6 17:20:32 UTC 2021,hourly
Tue Jul 6 18:01:42 UTC 2021,daily18
Tue Jul 6 18:18:45 UTC 2021,hourly
Tue Jul 6 19:11:46 UTC 2021,hourly
Tue Jul 6 20:15:05 UTC 2021,hourly
Tue Jul 6 21:14:36 UTC 2021,hourly
Tue Jul 6 22:14:58 UTC 2021,hourly
Tue Jul 6 23:15:06 UTC 2021,hourly
Wed Jul 7 00:49:45 UTC 2021,daily00
Wed Jul 7 00:52:00 UTC 2021,hourly
Wed Jul 7 01:58:50 UTC 2021,hourly
Wed Jul 7 02:31:46 UTC 2021,hourly
Wed Jul 7 03:17:09 UTC 2021,hourly
Wed Jul 7 04:19:59 UTC 2021,hourly
Wed Jul 7 05:13:19 UTC 2021,hourly
Wed Jul 7 06:19:28 UTC 2021,hourly
Wed Jul 7 06:23:11 UTC 2021,daily06
Wed Jul 7 07:14:02 UTC 2021,hourly
Wed Jul 7 08:17:29 UTC 2021,hourly
Wed Jul 7 09:17:02 UTC 2021,hourly
Wed Jul 7 10:17:41 UTC 2021,hourly
Wed Jul 7 11:12:26 UTC 2021,hourly
Wed Jul 7 12:16:37 UTC 2021,daily12
Wed Jul 7 12:24:06 UTC 2021,hourly
Wed Jul 7 13:21:37 UTC 2021,hourly
Wed Jul 7 14:15:37 UTC 2021,hourly
Wed Jul 7 15:22:27 UTC 2021,hourly
Wed Jul 7 16:30:52 UTC 2021,hourly
Wed Jul 7 17:28:43 UTC 2021,hourly
Wed Jul 7 18:02:08 UTC 2021,daily18
Wed Jul 7 18:19:48 UTC 2021,hourly
Wed Jul 7 19:11:57 UTC 2021,hourly
Wed Jul 7 20:15:32 UTC 2021,hourly
Wed Jul 7 21:14:30 UTC 2021,hourly
Wed Jul 7 22:15:07 UTC 2021,hourly
Wed Jul 7 23:14:46 UTC 2021,hourly
Thu Jul 8 00:46:28 UTC 2021,daily00
Thu Jul 8 00:48:25 UTC 2021,hourly
Thu Jul 8 01:59:53 UTC 2021,hourly
Thu Jul 8 02:32:24 UTC 2021,hourly
Thu Jul 8 03:17:20 UTC 2021,hourly
Thu Jul 8 04:19:50 UTC 2021,hourly
Thu Jul 8 05:13:20 UTC 2021,hourly
Thu Jul 8 06:19:10 UTC 2021,hourly
Thu Jul 8 06:22:52 UTC 2021,daily06
Thu Jul 8 07:14:16 UTC 2021,hourly
Thu Jul 8 08:17:22 UTC 2021,hourly
Thu Jul 8 09:17:17 UTC 2021,hourly
Thu Jul 8 10:17:15 UTC 2021,hourly
Thu Jul 8 11:12:36 UTC 2021,hourly
Thu Jul 8 12:17:08 UTC 2021,daily12
Thu Jul 8 12:25:09 UTC 2021,hourly
Thu Jul 8 13:25:11 UTC 2021,hourly
Thu Jul 8 14:16:07 UTC 2021,hourly
Thu Jul 8 15:20:58 UTC 2021,hourly
Thu Jul 8 16:29:56 UTC 2021,hourly
Thu Jul 8 17:25:51 UTC 2021,hourly
Thu Jul 8 18:02:09 UTC 2021,daily18
Thu Jul 8 18:19:09 UTC 2021,hourly
Thu Jul 8 19:11:57 UTC 2021,hourly
Thu Jul 8 20:15:28 UTC 2021,hourly
Thu Jul 8 21:14:28 UTC 2021,hourly
Thu Jul 8 22:15:04 UTC 2021,hourly
Thu Jul 8 23:15:08 UTC 2021,hourly
Fri Jul 9 00:49:50 UTC 2021,daily00
Fri Jul 9 00:51:40 UTC 2021,hourly
Fri Jul 9 02:00:16 UTC 2021,hourly
Fri Jul 9 03:17:23 UTC 2021,hourly
Fri Jul 9 04:20:02 UTC 2021,hourly
Fri Jul 9 05:13:13 UTC 2021,hourly
Fri Jul 9 06:19:23 UTC 2021,hourly
Fri Jul 9 06:22:57 UTC 2021,daily06
Fri Jul 9 07:13:57 UTC 2021,hourly
Fri Jul 9 08:17:26 UTC 2021,hourly
Fri Jul 9 09:16:44 UTC 2021,hourly
Fri Jul 9 10:16:58 UTC 2021,hourly
Fri Jul 9 11:12:40 UTC 2021,hourly
Fri Jul 9 12:16:11 UTC 2021,daily12
Fri Jul 9 12:23:48 UTC 2021,hourly
Fri Jul 9 13:19:35 UTC 2021,hourly
Fri Jul 9 14:14:42 UTC 2021,hourly
Fri Jul 9 15:19:12 UTC 2021,hourly
Fri Jul 9 16:24:52 UTC 2021,hourly
Fri Jul 9 17:22:04 UTC 2021,hourly
Fri Jul 9 18:02:00 UTC 2021,daily18
Fri Jul 9 18:21:03 UTC 2021,hourly
Fri Jul 9 19:11:49 UTC 2021,hourly
Fri Jul 9 20:15:31 UTC 2021,hourly
Fri Jul 9 21:14:43 UTC 2021,hourly
Fri Jul 9 22:15:12 UTC 2021,hourly
Fri Jul 9 23:15:03 UTC 2021,hourly
Sat Jul 10 00:47:17 UTC 2021,daily00
Sat Jul 10 00:49:14 UTC 2021,hourly
Sat Jul 10 01:54:40 UTC 2021,hourly
Sat Jul 10 02:26:32 UTC 2021,hourly
Sat Jul 10 03:17:27 UTC 2021,hourly
Sat Jul 10 04:20:01 UTC 2021,hourly
Sat Jul 10 05:12:57 UTC 2021,hourly
Sat Jul 10 06:18:53 UTC 2021,hourly
Sat Jul 10 06:22:32 UTC 2021,daily06
Sat Jul 10 07:13:44 UTC 2021,hourly
Sat Jul 10 08:16:45 UTC 2021,hourly
Sat Jul 10 09:16:07 UTC 2021,hourly
Sat Jul 10 10:16:11 UTC 2021,hourly
Sat Jul 10 11:12:17 UTC 2021,hourly
Sat Jul 10 12:15:37 UTC 2021,daily12
Sat Jul 10 12:22:56 UTC 2021,hourly
Sat Jul 10 13:17:56 UTC 2021,hourly
Sat Jul 10 14:13:07 UTC 2021,hourly
Sat Jul 10 15:17:23 UTC 2021,hourly
Sat Jul 10 16:22:53 UTC 2021,hourly
Sat Jul 10 17:19:04 UTC 2021,hourly
Sat Jul 10 18:01:46 UTC 2021,daily18
Sat Jul 10 18:18:20 UTC 2021,hourly
Sat Jul 10 19:11:43 UTC 2021,hourly
Sat Jul 10 20:14:40 UTC 2021,hourly
Sat Jul 10 21:14:03 UTC 2021,hourly
Sat Jul 10 22:14:40 UTC 2021,hourly
Sat Jul 10 23:14:40 UTC 2021,hourly
Sun Jul 11 00:53:29 UTC 2021,daily00
Sun Jul 11 00:55:30 UTC 2021,hourly
Sun Jul 11 02:01:51 UTC 2021,hourly
Sun Jul 11 03:17:28 UTC 2021,hourly
Sun Jul 11 04:19:40 UTC 2021,hourly
Sun Jul 11 05:12:54 UTC 2021,hourly
Sun Jul 11 06:19:18 UTC 2021,hourly
Sun Jul 11 06:22:59 UTC 2021,daily06
Sun Jul 11 07:13:47 UTC 2021,hourly
Sun Jul 11 08:16:19 UTC 2021,hourly
Sun Jul 11 09:16:26 UTC 2021,hourly
Sun Jul 11 10:16:20 UTC 2021,hourly
Sun Jul 11 11:12:20 UTC 2021,hourly
Sun Jul 11 12:15:42 UTC 2021,daily12
Sun Jul 11 12:22:59 UTC 2021,hourly
Sun Jul 11 13:17:59 UTC 2021,hourly
Sun Jul 11 14:13:10 UTC 2021,hourly
Sun Jul 11 15:17:17 UTC 2021,hourly
Sun Jul 11 16:22:52 UTC 2021,hourly
Sun Jul 11 17:19:08 UTC 2021,hourly
Sun Jul 11 18:01:40 UTC 2021,daily18
Sun Jul 11 18:18:24 UTC 2021,hourly
Sun Jul 11 19:11:52 UTC 2021,hourly
Sun Jul 11 20:14:42 UTC 2021,hourly
Sun Jul 11 21:14:10 UTC 2021,hourly
Sun Jul 11 22:14:38 UTC 2021,hourly
Sun Jul 11 23:14:42 UTC 2021,hourly
Mon Jul 12 00:47:18 UTC 2021,daily00
Mon Jul 12 00:49:19 UTC 2021,hourly
Mon Jul 12 01:57:06 UTC 2021,hourly
Mon Jul 12 02:28:15 UTC 2021,hourly
Mon Jul 12 03:18:06 UTC 2021,hourly
Mon Jul 12 04:20:11 UTC 2021,hourly
Mon Jul 12 05:13:24 UTC 2021,hourly
Mon Jul 12 06:20:18 UTC 2021,hourly
Mon Jul 12 06:24:09 UTC 2021,daily06
Mon Jul 12 07:13:59 UTC 2021,hourly
Mon Jul 12 08:17:27 UTC 2021,hourly
Mon Jul 12 09:17:05 UTC 2021,hourly
Mon Jul 12 10:17:04 UTC 2021,hourly
Mon Jul 12 11:12:19 UTC 2021,hourly
Mon Jul 12 12:17:15 UTC 2021,daily12
Mon Jul 12 12:24:44 UTC 2021,hourly
Mon Jul 12 13:22:01 UTC 2021,hourly
Mon Jul 12 14:13:50 UTC 2021,hourly
Mon Jul 12 15:17:50 UTC 2021,hourly
Mon Jul 12 16:24:04 UTC 2021,hourly
Mon Jul 12 17:23:08 UTC 2021,hourly
Mon Jul 12 18:02:14 UTC 2021,daily18
Mon Jul 12 18:19:31 UTC 2021,hourly
Mon Jul 12 19:12:04 UTC 2021,hourly
Mon Jul 12 20:14:32 UTC 2021,hourly
Mon Jul 12 21:12:05 UTC 2021,hourly
Mon Jul 12 22:12:39 UTC 2021,hourly
Mon Jul 12 23:15:24 UTC 2021,hourly
Tue Jul 13 00:50:22 UTC 2021,daily00
Tue Jul 13 00:52:25 UTC 2021,hourly
Tue Jul 13 02:00:20 UTC 2021,hourly
Tue Jul 13 03:17:35 UTC 2021,hourly
Tue Jul 13 04:19:50 UTC 2021,hourly
Tue Jul 13 05:13:14 UTC 2021,hourly
Tue Jul 13 06:19:31 UTC 2021,hourly
Tue Jul 13 06:23:22 UTC 2021,daily06
Tue Jul 13 07:14:03 UTC 2021,hourly
Tue Jul 13 08:17:05 UTC 2021,hourly
Tue Jul 13 09:16:36 UTC 2021,hourly
Tue Jul 13 10:17:03 UTC 2021,hourly
Tue Jul 13 11:12:38 UTC 2021,hourly
Tue Jul 13 12:18:19 UTC 2021,daily12
Tue Jul 13 12:26:32 UTC 2021,hourly
Tue Jul 13 13:22:29 UTC 2021,hourly
Tue Jul 13 14:14:39 UTC 2021,hourly
Tue Jul 13 15:18:41 UTC 2021,hourly
Tue Jul 13 16:24:42 UTC 2021,hourly
Tue Jul 13 17:21:44 UTC 2021,hourly
Tue Jul 13 18:02:06 UTC 2021,daily18
Tue Jul 13 18:18:50 UTC 2021,hourly
Tue Jul 13 19:12:03 UTC 2021,hourly
Tue Jul 13 20:15:22 UTC 2021,hourly
Tue Jul 13 21:14:43 UTC 2021,hourly
Tue Jul 13 22:15:25 UTC 2021,hourly
Tue Jul 13 23:15:22 UTC 2021,hourly
Wed Jul 14 00:44:49 UTC 2021,daily00
Wed Jul 14 00:46:55 UTC 2021,hourly
Wed Jul 14 01:55:20 UTC 2021,hourly
Wed Jul 14 02:25:43 UTC 2021,hourly
Wed Jul 14 03:17:41 UTC 2021,hourly
Wed Jul 14 04:20:06 UTC 2021,hourly
Wed Jul 14 05:13:19 UTC 2021,hourly
Wed Jul 14 06:19:18 UTC 2021,hourly
Wed Jul 14 06:23:03 UTC 2021,daily06
Wed Jul 14 07:14:07 UTC 2021,hourly
Wed Jul 14 08:17:08 UTC 2021,hourly
Wed Jul 14 09:16:17 UTC 2021,hourly
Wed Jul 14 10:17:03 UTC 2021,hourly
Wed Jul 14 11:12:21 UTC 2021,hourly
Wed Jul 14 12:16:50 UTC 2021,daily12
Wed Jul 14 12:26:37 UTC 2021,hourly
Wed Jul 14 13:23:16 UTC 2021,hourly
Wed Jul 14 14:13:43 UTC 2021,hourly
Wed Jul 14 15:17:57 UTC 2021,hourly
Wed Jul 14 16:24:21 UTC 2021,hourly
Wed Jul 14 17:21:28 UTC 2021,hourly
Wed Jul 14 18:02:03 UTC 2021,daily18
Wed Jul 14 18:19:12 UTC 2021,hourly
Wed Jul 14 19:12:03 UTC 2021,hourly
Wed Jul 14 20:15:27 UTC 2021,hourly
Wed Jul 14 21:14:55 UTC 2021,hourly
Wed Jul 14 22:15:12 UTC 2021,hourly
Wed Jul 14 23:14:59 UTC 2021,hourly
Thu Jul 15 00:48:31 UTC 2021,daily00
Thu Jul 15 00:51:33 UTC 2021,hourly
Thu Jul 15 01:59:49 UTC 2021,hourly
Thu Jul 15 02:32:27 UTC 2021,hourly
Thu Jul 15 03:17:38 UTC 2021,hourly
Thu Jul 15 04:19:57 UTC 2021,hourly
Thu Jul 15 05:13:24 UTC 2021,hourly
Thu Jul 15 06:19:42 UTC 2021,hourly
Thu Jul 15 06:23:26 UTC 2021,daily06
Thu Jul 15 07:14:22 UTC 2021,hourly
Thu Jul 15 08:17:28 UTC 2021,hourly
Thu Jul 15 09:16:40 UTC 2021,hourly
Thu Jul 15 10:17:36 UTC 2021,hourly
Thu Jul 15 11:12:27 UTC 2021,hourly
Thu Jul 15 12:16:55 UTC 2021,daily12
Thu Jul 15 12:24:51 UTC 2021,hourly
Thu Jul 15 13:20:45 UTC 2021,hourly
Thu Jul 15 14:14:09 UTC 2021,hourly
Thu Jul 15 15:17:41 UTC 2021,hourly
Thu Jul 15 16:24:09 UTC 2021,hourly
Thu Jul 15 17:21:16 UTC 2021,hourly
Thu Jul 15 18:02:14 UTC 2021,daily18
Thu Jul 15 18:18:19 UTC 2021,hourly
Thu Jul 15 19:11:56 UTC 2021,hourly
Thu Jul 15 20:15:37 UTC 2021,hourly
Thu Jul 15 21:14:54 UTC 2021,hourly
Thu Jul 15 22:14:58 UTC 2021,hourly
Thu Jul 15 23:15:22 UTC 2021,hourly
Fri Jul 16 00:48:56 UTC 2021,daily00
Fri Jul 16 00:51:25 UTC 2021,hourly
Fri Jul 16 02:01:19 UTC 2021,hourly
Fri Jul 16 03:17:32 UTC 2021,hourly
Fri Jul 16 04:20:19 UTC 2021,hourly
Fri Jul 16 05:13:20 UTC 2021,hourly
Fri Jul 16 06:19:45 UTC 2021,hourly
Fri Jul 16 06:23:32 UTC 2021,daily06
Fri Jul 16 07:14:04 UTC 2021,hourly
Fri Jul 16 08:18:29 UTC 2021,hourly
Fri Jul 16 09:16:19 UTC 2021,hourly
Fri Jul 16 10:17:10 UTC 2021,hourly
Fri Jul 16 11:12:54 UTC 2021,hourly
Fri Jul 16 12:17:02 UTC 2021,daily12
Fri Jul 16 12:24:42 UTC 2021,hourly
Fri Jul 16 13:20:26 UTC 2021,hourly
Fri Jul 16 14:13:42 UTC 2021,hourly
Fri Jul 16 15:18:04 UTC 2021,hourly
Fri Jul 16 16:24:16 UTC 2021,hourly
Fri Jul 16 17:22:35 UTC 2021,hourly
Fri Jul 16 18:02:00 UTC 2021,daily18
Fri Jul 16 18:18:57 UTC 2021,hourly
Fri Jul 16 19:12:05 UTC 2021,hourly
Fri Jul 16 20:15:23 UTC 2021,hourly
Fri Jul 16 21:14:37 UTC 2021,hourly
Fri Jul 16 22:15:06 UTC 2021,hourly
Fri Jul 16 23:15:05 UTC 2021,hourly
Sat Jul 17 00:47:24 UTC 2021,daily00
Sat Jul 17 00:49:34 UTC 2021,hourly
Sat Jul 17 01:56:02 UTC 2021,hourly
Sat Jul 17 02:28:36 UTC 2021,hourly
Sat Jul 17 03:17:16 UTC 2021,hourly
